-- MySQL dump 10.13  Distrib 8.0.27-18, for Linux (x86_64)
--
-- Host: localhost    Database: b3b2
-- ------------------------------------------------------
-- Server version	8.0.27-18

/*!40101 SET @OLD_CHARACTER_SET_CLIENT=@@CHARACTER_SET_CLIENT */;
/*!40101 SET @OLD_CHARACTER_SET_RESULTS=@@CHARACTER_SET_RESULTS */;
/*!40101 SET @OLD_COLLATION_CONNECTION=@@COLLATION_CONNECTION */;
/*!50503 SET NAMES utf8mb4 */;
/*!40103 SET @OLD_TIME_ZONE=@@TIME_ZONE */;
/*!40103 SET TIME_ZONE='+00:00' */;
/*!40014 SET @OLD_UNIQUE_CHECKS=@@UNIQUE_CHECKS, UNIQUE_CHECKS=0 */;
/*!40014 SET @OLD_FOREIGN_KEY_CHECKS=@@FOREIGN_KEY_CHECKS, FOREIGN_KEY_CHECKS=0 */;
/*!40101 SET @OLD_SQL_MODE=@@SQL_MODE, SQL_MODE='NO_AUTO_VALUE_ON_ZERO' */;
/*!40111 SET @OLD_SQL_NOTES=@@SQL_NOTES, SQL_NOTES=0 */;
/*!50717 SELECT COUNT(*) INTO @rocksdb_has_p_s_session_variables FROM INFORMATION_SCHEMA.TABLES WHERE TABLE_SCHEMA = 'performance_schema' AND TABLE_NAME = 'session_variables' */;
/*!50717 SET @rocksdb_get_is_supported = IF (@rocksdb_has_p_s_session_variables, 'SELECT COUNT(*) INTO @rocksdb_is_supported FROM performance_schema.session_variables WHERE VARIABLE_NAME=\'rocksdb_bulk_load\'', 'SELECT 0') */;
/*!50717 PREPARE s FROM @rocksdb_get_is_supported */;
/*!50717 EXECUTE s */;
/*!50717 DEALLOCATE PREPARE s */;
/*!50717 SET @rocksdb_enable_bulk_load = IF (@rocksdb_is_supported, 'SET SESSION rocksdb_bulk_load = 1', 'SET @rocksdb_dummy_bulk_load = 0') */;
/*!50717 PREPARE s FROM @rocksdb_enable_bulk_load */;
/*!50717 EXECUTE s */;
/*!50717 DEALLOCATE PREPARE s */;

--
-- Table structure for table `b3b2_especie`
--

DROP TABLE IF EXISTS `b3b2_especie`;
/*!40101 SET @saved_cs_client     = @@character_set_client */;
/*!50503 SET character_set_client = utf8mb4 */;
CREATE TABLE `b3b2_especie` (
  `taxid` varchar(255) NOT NULL,
  `common_name` varchar(255) NOT NULL,
  `scientific_name` varchar(255) NOT NULL,
  PRIMARY KEY (`taxid`)
) ENGINE=InnoDB DEFAULT CHARSET=utf8mb4 COLLATE=utf8mb4_0900_ai_ci;
/*!40101 SET character_set_client = @saved_cs_client */;

--
-- Dumping data for table `b3b2_especie`
--

LOCK TABLES `b3b2_especie` WRITE;
/*!40000 ALTER TABLE `b3b2_especie` DISABLE KEYS */;
INSERT INTO `b3b2_especie` VALUES ('9606','human','Homo sapiens');
/*!40000 ALTER TABLE `b3b2_especie` ENABLE KEYS */;
UNLOCK TABLES;

--
-- Table structure for table `b3b2_expresion`
--

DROP TABLE IF EXISTS `b3b2_expresion`;
/*!40101 SET @saved_cs_client     = @@character_set_client */;
/*!50503 SET character_set_client = utf8mb4 */;
CREATE TABLE `b3b2_expresion` (
  `muestra` varchar(255) NOT NULL,
  `gen` varchar(255) NOT NULL,
  `run` varchar(255) NOT NULL,
  `expresion` int NOT NULL,
  PRIMARY KEY (`muestra`,`gen`,`run`),
  KEY `fk_b3b2_expresion_2_idx` (`gen`),
  KEY `fk_b3b2_expresion_3_idx` (`run`),
  CONSTRAINT `fk_b3b2_expresion_1` FOREIGN KEY (`muestra`) REFERENCES `b3b2_muestra` (`codigo`),
  CONSTRAINT `fk_b3b2_expresion_2` FOREIGN KEY (`gen`) REFERENCES `b3b2_gen` (`gene_ensembl`),
  CONSTRAINT `fk_b3b2_expresion_3` FOREIGN KEY (`run`) REFERENCES `beb2_run` (`nombre`)
) ENGINE=InnoDB DEFAULT CHARSET=utf8mb4 COLLATE=utf8mb4_0900_ai_ci;
/*!40101 SET character_set_client = @saved_cs_client */;

--
-- Dumping data for table `b3b2_expresion`
--

LOCK TABLES `b3b2_expresion` WRITE;
/*!40000 ALTER TABLE `b3b2_expresion` DISABLE KEYS */;
/*!40000 ALTER TABLE `b3b2_expresion` ENABLE KEYS */;
UNLOCK TABLES;

--
-- Table structure for table `b3b2_gen`
--

DROP TABLE IF EXISTS `b3b2_gen`;
/*!40101 SET @saved_cs_client     = @@character_set_client */;
/*!50503 SET character_set_client = utf8mb4 */;
CREATE TABLE `b3b2_gen` (
  `gene_ensembl` varchar(255) NOT NULL,
  `gene_symbol` varchar(255) DEFAULT NULL,
  `especie` varchar(255) NOT NULL,
  `descripcion` varchar(255) NOT NULL,
  `entrez` varchar(255) NOT NULL,
  PRIMARY KEY (`gene_ensembl`),
  KEY `fk_b3b2_gen_1_idx` (`especie`),
  CONSTRAINT `fk_b3b2_gen_1` FOREIGN KEY (`especie`) REFERENCES `b3b2_especie` (`taxid`)
) ENGINE=InnoDB DEFAULT CHARSET=utf8mb4 COLLATE=utf8mb4_0900_ai_ci;
/*!40101 SET character_set_client = @saved_cs_client */;

--
-- Dumping data for table `b3b2_gen`
--

LOCK TABLES `b3b2_gen` WRITE;
/*!40000 ALTER TABLE `b3b2_gen` DISABLE KEYS */;
INSERT INTO `b3b2_gen` VALUES ('ENSG00000002330',NULL,'9606','BCL2 associated agonist of cell death','572'),('ENSG00000017427',NULL,'9606','insulin like growth factor 1','3479'),('ENSG00000026103',NULL,'9606','Fas cell surface death receptor','355'),('ENSG00000050748',NULL,'9606','mitogen-activated protein kinase 9','5601'),('ENSG00000051382',NULL,'9606','phosphatidylinositol-4,5-bisphosphate 3-kinase catalytic subunit beta','5291'),('ENSG00000060566',NULL,'9606','cAMP responsive element binding protein 3 like 3','84699'),('ENSG00000064012',NULL,'9606','caspase 8','841'),('ENSG00000065135',NULL,'9606','G protein subunit alpha i3','2773'),('ENSG00000067182',NULL,'9606','TNF receptor superfamily member 1A','7132'),('ENSG00000067560',NULL,'9606','ras homolog family member A','387'),('ENSG00000070831',NULL,'9606','cell division cycle 42','998'),('ENSG00000072062',NULL,'9606','protein kinase cAMP-activated catalytic subunit alpha','5566'),('ENSG00000075624',NULL,'9606','actin beta','60'),('ENSG00000078061',NULL,'9606','A-Raf proto-oncogene, serine/threonine kinase','369'),('ENSG00000082701',NULL,'9606','glycogen synthase kinase 3 beta','2932'),('ENSG00000087088',NULL,'9606','BCL2 associated X, apoptosis regulator','581'),('ENSG00000087460',NULL,'9606','GNAS complex locus','2778'),('ENSG00000092969',NULL,'9606','transforming growth factor beta 2','7042'),('ENSG00000100030',NULL,'9606','mitogen-activated protein kinase 1','5594'),('ENSG00000100485',NULL,'9606','SOS Ras/Rho guanine nucleotide exchange factor 2','6655'),('ENSG00000100906',NULL,'9606','NFKB inhibitor alpha','4792'),('ENSG00000101333',NULL,'9606','phospholipase C beta 4','5332'),('ENSG00000104365',NULL,'9606','inhibitor of nuclear factor kappa B kinase subunit beta','3551'),('ENSG00000105221',NULL,'9606','AKT serine/threonine kinase 2','208'),('ENSG00000105329',NULL,'9606','transforming growth factor beta 1','7040'),('ENSG00000105647',NULL,'9606','phosphoinositide-3-kinase regulatory subunit 2','5296'),('ENSG00000107175',NULL,'9606','cAMP responsive element binding protein 3','10488'),('ENSG00000107643',NULL,'9606','mitogen-activated protein kinase 8','5599'),('ENSG00000107758',NULL,'9606','protein phosphatase 3 catalytic subunit beta','5532'),('ENSG00000109320',NULL,'9606','nuclear factor kappa B subunit 1','4790'),('ENSG00000109339',NULL,'9606','mitogen-activated protein kinase 10','5602'),('ENSG00000110092',NULL,'9606','cyclin D1','595'),('ENSG00000111537',NULL,'9606','interferon gamma','3458'),('ENSG00000114353',NULL,'9606','G protein subunit alpha i2','2771'),('ENSG00000115904',NULL,'9606','SOS Ras/Rac guanine nucleotide exchange factor 1','6654'),('ENSG00000117020',NULL,'9606','AKT serine/threonine kinase 3','10000'),('ENSG00000117461',NULL,'9606','phosphoinositide-3-kinase regulatory subunit 3','8503'),('ENSG00000118260',NULL,'9606','cAMP responsive element binding protein 1','1385'),('ENSG00000119699',NULL,'9606','transforming growth factor beta 3','7043'),('ENSG00000120910',NULL,'9606','protein phosphatase 3 catalytic subunit gamma','5533'),('ENSG00000121879',NULL,'9606','phosphatidylinositol-4,5-bisphosphate 3-kinase catalytic subunit alpha','5290'),('ENSG00000123104',NULL,'9606','inositol 1,4,5-trisphosphate receptor type 2','3709'),('ENSG00000124762',NULL,'9606','cyclin dependent kinase inhibitor 1A','1026'),('ENSG00000125538',NULL,'9606','interleukin 1 beta','3553'),('ENSG00000126934',NULL,'9606','mitogen-activated protein kinase kinase 2','5605'),('ENSG00000127955',NULL,'9606','G protein subunit alpha i1','2770'),('ENSG00000129467',NULL,'9606','adenylate cyclase 4','196883'),('ENSG00000132155',NULL,'9606','Raf-1 proto-oncogene, serine/threonine kinase','5894'),('ENSG00000132906',NULL,'9606','caspase 9','842'),('ENSG00000133703',NULL,'9606','KRAS proto-oncogene, GTPase','3845'),('ENSG00000135446',NULL,'9606','cyclin dependent kinase 4','1019'),('ENSG00000136238',NULL,'9606','ras-related C3 botulinum toxin substrate 1 (rho family, small GTP binding protein Rac1)','5879'),('ENSG00000136244',NULL,'9606','interleukin 6','3569'),('ENSG00000136997',NULL,'9606','MYC proto-oncogene, bHLH transcription factor','4609'),('ENSG00000137841',NULL,'9606','phospholipase C beta 2','5330'),('ENSG00000138798',NULL,'9606','epidermal growth factor','1950'),('ENSG00000140443',NULL,'9606','insulin like growth factor 1 receptor','3480'),('ENSG00000141510',NULL,'9606','tumor protein p53','7157'),('ENSG00000142208',NULL,'9606','AKT serine/threonine kinase 1','207'),('ENSG00000142875',NULL,'9606','protein kinase cAMP-activated catalytic subunit beta','5567'),('ENSG00000143933',NULL,'9606','calmodulin 2','805'),('ENSG00000145675',NULL,'9606','phosphoinositide-3-kinase regulatory subunit 1','5295'),('ENSG00000146592',NULL,'9606','cAMP responsive element binding protein 5','9586'),('ENSG00000146648',NULL,'9606','epidermal growth factor receptor','1956'),('ENSG00000148660',NULL,'9606','calcium/calmodulin dependent protein kinase II gamma','818'),('ENSG00000150995',NULL,'9606','inositol 1,4,5-trisphosphate receptor type 1','3708'),('ENSG00000151067',NULL,'9606','calcium voltage-gated channel subunit alpha1 C','775'),('ENSG00000154229',NULL,'9606','protein kinase C alpha','5578'),('ENSG00000156052',NULL,'9606','G protein subunit alpha q','2776'),('ENSG00000156711',NULL,'9606','mitogen-activated protein kinase 13','5603'),('ENSG00000157388',NULL,'9606','calcium voltage-gated channel subunit alpha1 D','776'),('ENSG00000157613',NULL,'9606','cAMP responsive element binding protein 3 like 1','90993'),('ENSG00000157764',NULL,'9606','B-Raf proto-oncogene, serine/threonine kinase','673'),('ENSG00000160014',NULL,'9606','calmodulin 3','808'),('ENSG00000162104',NULL,'9606','adenylate cyclase 9','115'),('ENSG00000164305',NULL,'9606','caspase 3','836'),('ENSG00000164742',NULL,'9606','adenylate cyclase 1','107'),('ENSG00000165059',NULL,'9606','protein kinase cAMP-activated catalytic subunit gamma','5568'),('ENSG00000168036',NULL,'9606','catenin beta 1','1499'),('ENSG00000168610',NULL,'9606','signal transducer and activator of transcription 3','6774'),('ENSG00000169032',NULL,'9606','mitogen-activated protein kinase kinase 1','5604'),('ENSG00000169429',NULL,'9606','C-X-C motif chemokine ligand 8','3576'),('ENSG00000169885',NULL,'9606','calmodulin like 6','163688'),('ENSG00000170345',NULL,'9606','Fos proto-oncogene, AP-1 transcription factor subunit','2353'),('ENSG00000171608',NULL,'9606','phosphatidylinositol-4,5-bisphosphate 3-kinase catalytic subunit delta','5293'),('ENSG00000171791',NULL,'9606','BCL2, apoptosis regulator','596'),('ENSG00000173039',NULL,'9606','RELA proto-oncogene, NF-kB subunit','5970'),('ENSG00000173175',NULL,'9606','adenylate cyclase 5','111'),('ENSG00000174233',NULL,'9606','adenylate cyclase 6','112'),('ENSG00000174775',NULL,'9606','HRas proto-oncogene, GTPase','3265'),('ENSG00000177606',NULL,'9606','Jun proto-oncogene, AP-1 transcription factor subunit','3725'),('ENSG00000177885',NULL,'9606','growth factor receptor bound protein 2','2885'),('ENSG00000178363',NULL,'9606','calmodulin like 3','810'),('ENSG00000182158',NULL,'9606','cAMP responsive element binding protein 3 like 2','64764'),('ENSG00000182621',NULL,'9606','phospholipase C beta 1','23236'),('ENSG00000184009',NULL,'9606','actin gamma 1','71'),('ENSG00000188130',NULL,'9606','mitogen-activated protein kinase 12','6300'),('ENSG00000197122',NULL,'9606','SRC proto-oncogene, non-receptor tyrosine kinase','6714'),('ENSG00000197943',NULL,'9606','phospholipase C gamma 2','5336'),('ENSG00000198668',NULL,'9606','calmodulin 1','801'),('ENSG00000198793',NULL,'9606','mechanistic target of rapamycin','2475'),('ENSG00000213281',NULL,'9606','NRAS proto-oncogene, GTPase','4893'),('ENSG00000213341',NULL,'9606','conserved helix-loop-helix ubiquitous kinase','1147'),('ENSG00000254647',NULL,'9606','insulin','3630'),('ENSG00000269335',NULL,'9606','inhibitor of nuclear factor kappa B kinase subunit gamma','8517');
/*!40000 ALTER TABLE `b3b2_gen` ENABLE KEYS */;
UNLOCK TABLES;

--
-- Table structure for table `b3b2_gen_pathway`
--

DROP TABLE IF EXISTS `b3b2_gen_pathway`;
/*!40101 SET @saved_cs_client     = @@character_set_client */;
/*!50503 SET character_set_client = utf8mb4 */;
CREATE TABLE `b3b2_gen_pathway` (
  `gen` varchar(255) NOT NULL,
  `pathway` varchar(255) NOT NULL,
  PRIMARY KEY (`gen`,`pathway`),
  KEY `fk_b3b2_gen_pathway_2_idx` (`pathway`),
  CONSTRAINT `fk_b3b2_gen_pathway_1` FOREIGN KEY (`gen`) REFERENCES `b3b2_gen` (`gene_ensembl`),
  CONSTRAINT `fk_b3b2_gen_pathway_2` FOREIGN KEY (`pathway`) REFERENCES `b3b2_pathway` (`codigo`)
) ENGINE=InnoDB DEFAULT CHARSET=utf8mb4 COLLATE=utf8mb4_0900_ai_ci;
/*!40101 SET character_set_client = @saved_cs_client */;

--
-- Dumping data for table `b3b2_gen_pathway`
--

LOCK TABLES `b3b2_gen_pathway` WRITE;
/*!40000 ALTER TABLE `b3b2_gen_pathway` DISABLE KEYS */;
INSERT INTO `b3b2_gen_pathway` VALUES ('ENSG00000129467','hsa00230'),('ENSG00000162104','hsa00230'),('ENSG00000164742','hsa00230'),('ENSG00000173175','hsa00230'),('ENSG00000174233','hsa00230'),('ENSG00000101333','hsa00562'),('ENSG00000137841','hsa00562'),('ENSG00000182621','hsa00562'),('ENSG00000197943','hsa00562'),('ENSG00000101333','hsa01100'),('ENSG00000137841','hsa01100'),('ENSG00000182621','hsa01100'),('ENSG00000197943','hsa01100'),('ENSG00000002330','hsa01521'),('ENSG00000017427','hsa01521'),('ENSG00000078061','hsa01521'),('ENSG00000082701','hsa01521'),('ENSG00000087088','hsa01521'),('ENSG00000100485','hsa01521'),('ENSG00000115904','hsa01521'),('ENSG00000126934','hsa01521'),('ENSG00000132155','hsa01521'),('ENSG00000133703','hsa01521'),('ENSG00000136244','hsa01521'),('ENSG00000138798','hsa01521'),('ENSG00000140443','hsa01521'),('ENSG00000146648','hsa01521'),('ENSG00000154229','hsa01521'),('ENSG00000157764','hsa01521'),('ENSG00000168610','hsa01521'),('ENSG00000169032','hsa01521'),('ENSG00000171791','hsa01521'),('ENSG00000174775','hsa01521'),('ENSG00000177885','hsa01521'),('ENSG00000197122','hsa01521'),('ENSG00000197943','hsa01521'),('ENSG00000198793','hsa01521'),('ENSG00000213281','hsa01521'),('ENSG00000002330','hsa01522'),('ENSG00000017427','hsa01522'),('ENSG00000050748','hsa01522'),('ENSG00000072062','hsa01522'),('ENSG00000078061','hsa01522'),('ENSG00000087088','hsa01522'),('ENSG00000087460','hsa01522'),('ENSG00000100485','hsa01522'),('ENSG00000107643','hsa01522'),('ENSG00000109339','hsa01522'),('ENSG00000110092','hsa01522'),('ENSG00000115904','hsa01522'),('ENSG00000124762','hsa01522'),('ENSG00000126934','hsa01522'),('ENSG00000129467','hsa01522'),('ENSG00000132155','hsa01522'),('ENSG00000133703','hsa01522'),('ENSG00000135446','hsa01522'),('ENSG00000140443','hsa01522'),('ENSG00000142875','hsa01522'),('ENSG00000146648','hsa01522'),('ENSG00000157764','hsa01522'),('ENSG00000162104','hsa01522'),('ENSG00000164742','hsa01522'),('ENSG00000165059','hsa01522'),('ENSG00000169032','hsa01522'),('ENSG00000170345','hsa01522'),('ENSG00000171791','hsa01522'),('ENSG00000173175','hsa01522'),('ENSG00000174233','hsa01522'),('ENSG00000174775','hsa01522'),('ENSG00000177606','hsa01522'),('ENSG00000177885','hsa01522'),('ENSG00000197122','hsa01522'),('ENSG00000198793','hsa01522'),('ENSG00000213281','hsa01522'),('ENSG00000104365','hsa01523'),('ENSG00000109320','hsa01523'),('ENSG00000125538','hsa01523'),('ENSG00000136244','hsa01523'),('ENSG00000173039','hsa01523'),('ENSG00000213341','hsa01523'),('ENSG00000269335','hsa01523'),('ENSG00000002330','hsa01524'),('ENSG00000026103','hsa01524'),('ENSG00000064012','hsa01524'),('ENSG00000087088','hsa01524'),('ENSG00000124762','hsa01524'),('ENSG00000132906','hsa01524'),('ENSG00000164305','hsa01524'),('ENSG00000171791','hsa01524'),('ENSG00000111537','hsa03050'),('ENSG00000017427','hsa04010'),('ENSG00000026103','hsa04010'),('ENSG00000050748','hsa04010'),('ENSG00000070831','hsa04010'),('ENSG00000072062','hsa04010'),('ENSG00000078061','hsa04010'),('ENSG00000092969','hsa04010'),('ENSG00000100485','hsa04010'),('ENSG00000104365','hsa04010'),('ENSG00000105329','hsa04010'),('ENSG00000107643','hsa04010'),('ENSG00000107758','hsa04010'),('ENSG00000109320','hsa04010'),('ENSG00000109339','hsa04010'),('ENSG00000115904','hsa04010'),('ENSG00000120910','hsa04010'),('ENSG00000125538','hsa04010'),('ENSG00000126934','hsa04010'),('ENSG00000132155','hsa04010'),('ENSG00000133703','hsa04010'),('ENSG00000136238','hsa04010'),('ENSG00000136997','hsa04010'),('ENSG00000138798','hsa04010'),('ENSG00000140443','hsa04010'),('ENSG00000142875','hsa04010'),('ENSG00000146648','hsa04010'),('ENSG00000151067','hsa04010'),('ENSG00000154229','hsa04010'),('ENSG00000157388','hsa04010'),('ENSG00000157764','hsa04010'),('ENSG00000164305','hsa04010'),('ENSG00000165059','hsa04010'),('ENSG00000169032','hsa04010'),('ENSG00000170345','hsa04010'),('ENSG00000173039','hsa04010'),('ENSG00000174775','hsa04010'),('ENSG00000177606','hsa04010'),('ENSG00000177885','hsa04010'),('ENSG00000213281','hsa04010'),('ENSG00000213341','hsa04010'),('ENSG00000254647','hsa04010'),('ENSG00000269335','hsa04010'),('ENSG00000002330','hsa04012'),('ENSG00000050748','hsa04012'),('ENSG00000078061','hsa04012'),('ENSG00000082701','hsa04012'),('ENSG00000100485','hsa04012'),('ENSG00000107643','hsa04012'),('ENSG00000109339','hsa04012'),('ENSG00000115904','hsa04012'),('ENSG00000124762','hsa04012'),('ENSG00000126934','hsa04012'),('ENSG00000132155','hsa04012'),('ENSG00000133703','hsa04012'),('ENSG00000136997','hsa04012'),('ENSG00000138798','hsa04012'),('ENSG00000146648','hsa04012'),('ENSG00000148660','hsa04012'),('ENSG00000154229','hsa04012'),('ENSG00000157764','hsa04012'),('ENSG00000169032','hsa04012'),('ENSG00000174775','hsa04012'),('ENSG00000177606','hsa04012'),('ENSG00000177885','hsa04012'),('ENSG00000197122','hsa04012'),('ENSG00000197943','hsa04012'),('ENSG00000198793','hsa04012'),('ENSG00000213281','hsa04012'),('ENSG00000002330','hsa04014'),('ENSG00000017427','hsa04014'),('ENSG00000050748','hsa04014'),('ENSG00000067560','hsa04014'),('ENSG00000070831','hsa04014'),('ENSG00000072062','hsa04014'),('ENSG00000100485','hsa04014'),('ENSG00000104365','hsa04014'),('ENSG00000107643','hsa04014'),('ENSG00000109320','hsa04014'),('ENSG00000109339','hsa04014'),('ENSG00000115904','hsa04014'),('ENSG00000126934','hsa04014'),('ENSG00000132155','hsa04014'),('ENSG00000133703','hsa04014'),('ENSG00000136238','hsa04014'),('ENSG00000138798','hsa04014'),('ENSG00000140443','hsa04014'),('ENSG00000142875','hsa04014'),('ENSG00000146648','hsa04014'),('ENSG00000154229','hsa04014'),('ENSG00000165059','hsa04014'),('ENSG00000169032','hsa04014'),('ENSG00000169885','hsa04014'),('ENSG00000173039','hsa04014'),('ENSG00000174775','hsa04014'),('ENSG00000177885','hsa04014'),('ENSG00000178363','hsa04014'),('ENSG00000197943','hsa04014'),('ENSG00000198668','hsa04014'),('ENSG00000213281','hsa04014'),('ENSG00000213341','hsa04014'),('ENSG00000254647','hsa04014'),('ENSG00000269335','hsa04014'),('ENSG00000017427','hsa04015'),('ENSG00000065135','hsa04015'),('ENSG00000067560','hsa04015'),('ENSG00000070831','hsa04015'),('ENSG00000075624','hsa04015'),('ENSG00000087460','hsa04015'),('ENSG00000101333','hsa04015'),('ENSG00000114353','hsa04015'),('ENSG00000126934','hsa04015'),('ENSG00000127955','hsa04015'),('ENSG00000129467','hsa04015'),('ENSG00000132155','hsa04015'),('ENSG00000133703','hsa04015'),('ENSG00000136238','hsa04015'),('ENSG00000137841','hsa04015'),('ENSG00000138798','hsa04015'),('ENSG00000140443','hsa04015'),('ENSG00000146648','hsa04015'),('ENSG00000154229','hsa04015'),('ENSG00000156052','hsa04015'),('ENSG00000157764','hsa04015'),('ENSG00000162104','hsa04015'),('ENSG00000164742','hsa04015'),('ENSG00000168036','hsa04015'),('ENSG00000169032','hsa04015'),('ENSG00000169885','hsa04015'),('ENSG00000173175','hsa04015'),('ENSG00000174233','hsa04015'),('ENSG00000174775','hsa04015'),('ENSG00000178363','hsa04015'),('ENSG00000182621','hsa04015'),('ENSG00000184009','hsa04015'),('ENSG00000197122','hsa04015'),('ENSG00000198668','hsa04015'),('ENSG00000213281','hsa04015'),('ENSG00000254647','hsa04015'),('ENSG00000072062','hsa04020'),('ENSG00000087460','hsa04020'),('ENSG00000101333','hsa04020'),('ENSG00000107758','hsa04020'),('ENSG00000120910','hsa04020'),('ENSG00000123104','hsa04020'),('ENSG00000129467','hsa04020'),('ENSG00000137841','hsa04020'),('ENSG00000142875','hsa04020'),('ENSG00000146648','hsa04020'),('ENSG00000148660','hsa04020'),('ENSG00000150995','hsa04020'),('ENSG00000151067','hsa04020'),('ENSG00000154229','hsa04020'),('ENSG00000156052','hsa04020'),('ENSG00000157388','hsa04020'),('ENSG00000162104','hsa04020'),('ENSG00000164742','hsa04020'),('ENSG00000165059','hsa04020'),('ENSG00000169885','hsa04020'),('ENSG00000178363','hsa04020'),('ENSG00000182621','hsa04020'),('ENSG00000197943','hsa04020'),('ENSG00000198668','hsa04020'),('ENSG00000002330','hsa04022'),('ENSG00000060566','hsa04022'),('ENSG00000065135','hsa04022'),('ENSG00000067560','hsa04022'),('ENSG00000101333','hsa04022'),('ENSG00000107175','hsa04022'),('ENSG00000107758','hsa04022'),('ENSG00000114353','hsa04022'),('ENSG00000118260','hsa04022'),('ENSG00000120910','hsa04022'),('ENSG00000123104','hsa04022'),('ENSG00000126934','hsa04022'),('ENSG00000127955','hsa04022'),('ENSG00000129467','hsa04022'),('ENSG00000132155','hsa04022'),('ENSG00000137841','hsa04022'),('ENSG00000146592','hsa04022'),('ENSG00000150995','hsa04022'),('ENSG00000151067','hsa04022'),('ENSG00000156052','hsa04022'),('ENSG00000157388','hsa04022'),('ENSG00000157613','hsa04022'),('ENSG00000162104','hsa04022'),('ENSG00000164742','hsa04022'),('ENSG00000169032','hsa04022'),('ENSG00000169885','hsa04022'),('ENSG00000173175','hsa04022'),('ENSG00000174233','hsa04022'),('ENSG00000178363','hsa04022'),('ENSG00000182158','hsa04022'),('ENSG00000182621','hsa04022'),('ENSG00000198668','hsa04022'),('ENSG00000254647','hsa04022'),('ENSG00000002330','hsa04024'),('ENSG00000050748','hsa04024'),('ENSG00000060566','hsa04024'),('ENSG00000065135','hsa04024'),('ENSG00000067560','hsa04024'),('ENSG00000072062','hsa04024'),('ENSG00000087460','hsa04024'),('ENSG00000100906','hsa04024'),('ENSG00000107175','hsa04024'),('ENSG00000107643','hsa04024'),('ENSG00000109320','hsa04024'),('ENSG00000109339','hsa04024'),('ENSG00000114353','hsa04024'),('ENSG00000118260','hsa04024'),('ENSG00000126934','hsa04024'),('ENSG00000127955','hsa04024'),('ENSG00000129467','hsa04024'),('ENSG00000132155','hsa04024'),('ENSG00000136238','hsa04024'),('ENSG00000142875','hsa04024'),('ENSG00000146592','hsa04024'),('ENSG00000148660','hsa04024'),('ENSG00000151067','hsa04024'),('ENSG00000157388','hsa04024'),('ENSG00000157613','hsa04024'),('ENSG00000157764','hsa04024'),('ENSG00000162104','hsa04024'),('ENSG00000164742','hsa04024'),('ENSG00000165059','hsa04024'),('ENSG00000169032','hsa04024'),('ENSG00000169885','hsa04024'),('ENSG00000170345','hsa04024'),('ENSG00000173039','hsa04024'),('ENSG00000173175','hsa04024'),('ENSG00000174233','hsa04024'),('ENSG00000177606','hsa04024'),('ENSG00000178363','hsa04024'),('ENSG00000182158','hsa04024'),('ENSG00000198668','hsa04024'),('ENSG00000026103','hsa04060'),('ENSG00000092969','hsa04060'),('ENSG00000105329','hsa04060'),('ENSG00000111537','hsa04060'),('ENSG00000125538','hsa04060'),('ENSG00000136244','hsa04060'),('ENSG00000169429','hsa04060'),('ENSG00000002330','hsa04062'),('ENSG00000065135','hsa04062'),('ENSG00000067560','hsa04062'),('ENSG00000070831','hsa04062'),('ENSG00000072062','hsa04062'),('ENSG00000082701','hsa04062'),('ENSG00000100485','hsa04062'),('ENSG00000100906','hsa04062'),('ENSG00000101333','hsa04062'),('ENSG00000104365','hsa04062'),('ENSG00000109320','hsa04062'),('ENSG00000114353','hsa04062'),('ENSG00000115904','hsa04062'),('ENSG00000127955','hsa04062'),('ENSG00000129467','hsa04062'),('ENSG00000132155','hsa04062'),('ENSG00000133703','hsa04062'),('ENSG00000136238','hsa04062'),('ENSG00000137841','hsa04062'),('ENSG00000142875','hsa04062'),('ENSG00000157764','hsa04062'),('ENSG00000162104','hsa04062'),('ENSG00000164742','hsa04062'),('ENSG00000165059','hsa04062'),('ENSG00000168610','hsa04062'),('ENSG00000169032','hsa04062'),('ENSG00000169429','hsa04062'),('ENSG00000173039','hsa04062'),('ENSG00000173175','hsa04062'),('ENSG00000174233','hsa04062'),('ENSG00000174775','hsa04062'),('ENSG00000177885','hsa04062'),('ENSG00000182621','hsa04062'),('ENSG00000197122','hsa04062'),('ENSG00000213281','hsa04062'),('ENSG00000213341','hsa04062'),('ENSG00000269335','hsa04062'),('ENSG00000100906','hsa04064'),('ENSG00000104365','hsa04064'),('ENSG00000109320','hsa04064'),('ENSG00000125538','hsa04064'),('ENSG00000169429','hsa04064'),('ENSG00000171791','hsa04064'),('ENSG00000173039','hsa04064'),('ENSG00000197943','hsa04064'),('ENSG00000213341','hsa04064'),('ENSG00000269335','hsa04064'),('ENSG00000017427','hsa04066'),('ENSG00000109320','hsa04066'),('ENSG00000111537','hsa04066'),('ENSG00000124762','hsa04066'),('ENSG00000126934','hsa04066'),('ENSG00000136244','hsa04066'),('ENSG00000138798','hsa04066'),('ENSG00000140443','hsa04066'),('ENSG00000146648','hsa04066'),('ENSG00000148660','hsa04066'),('ENSG00000154229','hsa04066'),('ENSG00000168610','hsa04066'),('ENSG00000169032','hsa04066'),('ENSG00000171791','hsa04066'),('ENSG00000173039','hsa04066'),('ENSG00000197943','hsa04066'),('ENSG00000198793','hsa04066'),('ENSG00000254647','hsa04066'),('ENSG00000017427','hsa04068'),('ENSG00000050748','hsa04068'),('ENSG00000078061','hsa04068'),('ENSG00000092969','hsa04068'),('ENSG00000100485','hsa04068'),('ENSG00000104365','hsa04068'),('ENSG00000105329','hsa04068'),('ENSG00000107643','hsa04068'),('ENSG00000109339','hsa04068'),('ENSG00000110092','hsa04068'),('ENSG00000115904','hsa04068'),('ENSG00000124762','hsa04068'),('ENSG00000126934','hsa04068'),('ENSG00000132155','hsa04068'),('ENSG00000133703','hsa04068'),('ENSG00000136244','hsa04068'),('ENSG00000138798','hsa04068'),('ENSG00000140443','hsa04068'),('ENSG00000146648','hsa04068'),('ENSG00000157764','hsa04068'),('ENSG00000168610','hsa04068'),('ENSG00000169032','hsa04068'),('ENSG00000174775','hsa04068'),('ENSG00000177885','hsa04068'),('ENSG00000213281','hsa04068'),('ENSG00000213341','hsa04068'),('ENSG00000254647','hsa04068'),('ENSG00000101333','hsa04070'),('ENSG00000123104','hsa04070'),('ENSG00000137841','hsa04070'),('ENSG00000150995','hsa04070'),('ENSG00000154229','hsa04070'),('ENSG00000169885','hsa04070'),('ENSG00000178363','hsa04070'),('ENSG00000182621','hsa04070'),('ENSG00000197943','hsa04070'),('ENSG00000198668','hsa04070'),('ENSG00000050748','hsa04071'),('ENSG00000065135','hsa04071'),('ENSG00000067560','hsa04071'),('ENSG00000087088','hsa04071'),('ENSG00000101333','hsa04071'),('ENSG00000107643','hsa04071'),('ENSG00000109320','hsa04071'),('ENSG00000109339','hsa04071'),('ENSG00000114353','hsa04071'),('ENSG00000126934','hsa04071'),('ENSG00000127955','hsa04071'),('ENSG00000132155','hsa04071'),('ENSG00000133703','hsa04071'),('ENSG00000136238','hsa04071'),('ENSG00000137841','hsa04071'),('ENSG00000154229','hsa04071'),('ENSG00000156052','hsa04071'),('ENSG00000169032','hsa04071'),('ENSG00000171791','hsa04071'),('ENSG00000173039','hsa04071'),('ENSG00000174775','hsa04071'),('ENSG00000182621','hsa04071'),('ENSG00000213281','hsa04071'),('ENSG00000067560','hsa04072'),('ENSG00000087460','hsa04072'),('ENSG00000100485','hsa04072'),('ENSG00000101333','hsa04072'),('ENSG00000115904','hsa04072'),('ENSG00000126934','hsa04072'),('ENSG00000129467','hsa04072'),('ENSG00000132155','hsa04072'),('ENSG00000133703','hsa04072'),('ENSG00000137841','hsa04072'),('ENSG00000138798','hsa04072'),('ENSG00000146648','hsa04072'),('ENSG00000154229','hsa04072'),('ENSG00000162104','hsa04072'),('ENSG00000164742','hsa04072'),('ENSG00000169032','hsa04072'),('ENSG00000169429','hsa04072'),('ENSG00000173175','hsa04072'),('ENSG00000174233','hsa04072'),('ENSG00000174775','hsa04072'),('ENSG00000177885','hsa04072'),('ENSG00000182621','hsa04072'),('ENSG00000197943','hsa04072'),('ENSG00000198793','hsa04072'),('ENSG00000213281','hsa04072'),('ENSG00000254647','hsa04072'),('ENSG00000082701','hsa04110'),('ENSG00000092969','hsa04110'),('ENSG00000105329','hsa04110'),('ENSG00000110092','hsa04110'),('ENSG00000124762','hsa04110'),('ENSG00000135446','hsa04110'),('ENSG00000136997','hsa04110'),('ENSG00000017427','hsa04114'),('ENSG00000072062','hsa04114'),('ENSG00000107758','hsa04114'),('ENSG00000120910','hsa04114'),('ENSG00000123104','hsa04114'),('ENSG00000129467','hsa04114'),('ENSG00000140443','hsa04114'),('ENSG00000142875','hsa04114'),('ENSG00000148660','hsa04114'),('ENSG00000150995','hsa04114'),('ENSG00000162104','hsa04114'),('ENSG00000164742','hsa04114'),('ENSG00000165059','hsa04114'),('ENSG00000169032','hsa04114'),('ENSG00000169885','hsa04114'),('ENSG00000173175','hsa04114'),('ENSG00000174233','hsa04114'),('ENSG00000178363','hsa04114'),('ENSG00000198668','hsa04114'),('ENSG00000254647','hsa04114'),('ENSG00000017427','hsa04115'),('ENSG00000026103','hsa04115'),('ENSG00000064012','hsa04115'),('ENSG00000087088','hsa04115'),('ENSG00000110092','hsa04115'),('ENSG00000124762','hsa04115'),('ENSG00000132906','hsa04115'),('ENSG00000135446','hsa04115'),('ENSG00000164305','hsa04115'),('ENSG00000171791','hsa04115'),('ENSG00000198793','hsa04136'),('ENSG00000050748','hsa04137'),('ENSG00000107643','hsa04137'),('ENSG00000109339','hsa04137'),('ENSG00000133703','hsa04137'),('ENSG00000173039','hsa04137'),('ENSG00000174775','hsa04137'),('ENSG00000177606','hsa04137'),('ENSG00000197122','hsa04137'),('ENSG00000213281','hsa04137'),('ENSG00000002330','hsa04140'),('ENSG00000050748','hsa04140'),('ENSG00000072062','hsa04140'),('ENSG00000107643','hsa04140'),('ENSG00000109339','hsa04140'),('ENSG00000126934','hsa04140'),('ENSG00000132155','hsa04140'),('ENSG00000133703','hsa04140'),('ENSG00000140443','hsa04140'),('ENSG00000142875','hsa04140'),('ENSG00000150995','hsa04140'),('ENSG00000165059','hsa04140'),('ENSG00000169032','hsa04140'),('ENSG00000171791','hsa04140'),('ENSG00000174775','hsa04140'),('ENSG00000198793','hsa04140'),('ENSG00000213281','hsa04140'),('ENSG00000254647','hsa04140'),('ENSG00000050748','hsa04141'),('ENSG00000087088','hsa04141'),('ENSG00000107643','hsa04141'),('ENSG00000109339','hsa04141'),('ENSG00000171791','hsa04141'),('ENSG00000067560','hsa04144'),('ENSG00000070831','hsa04144'),('ENSG00000140443','hsa04144'),('ENSG00000146648','hsa04144'),('ENSG00000174775','hsa04144'),('ENSG00000197122','hsa04144'),('ENSG00000075624','hsa04145'),('ENSG00000136238','hsa04145'),('ENSG00000184009','hsa04145'),('ENSG00000017427','hsa04150'),('ENSG00000067560','hsa04150'),('ENSG00000082701','hsa04150'),('ENSG00000100485','hsa04150'),('ENSG00000104365','hsa04150'),('ENSG00000115904','hsa04150'),('ENSG00000126934','hsa04150'),('ENSG00000132155','hsa04150'),('ENSG00000133703','hsa04150'),('ENSG00000140443','hsa04150'),('ENSG00000154229','hsa04150'),('ENSG00000157764','hsa04150'),('ENSG00000169032','hsa04150'),('ENSG00000174775','hsa04150'),('ENSG00000177885','hsa04150'),('ENSG00000198793','hsa04150'),('ENSG00000213281','hsa04150'),('ENSG00000213341','hsa04150'),('ENSG00000254647','hsa04150'),('ENSG00000002330','hsa04151'),('ENSG00000017427','hsa04151'),('ENSG00000060566','hsa04151'),('ENSG00000082701','hsa04151'),('ENSG00000100485','hsa04151'),('ENSG00000104365','hsa04151'),('ENSG00000107175','hsa04151'),('ENSG00000109320','hsa04151'),('ENSG00000110092','hsa04151'),('ENSG00000115904','hsa04151'),('ENSG00000118260','hsa04151'),('ENSG00000124762','hsa04151'),('ENSG00000126934','hsa04151'),('ENSG00000132155','hsa04151'),('ENSG00000132906','hsa04151'),('ENSG00000133703','hsa04151'),('ENSG00000135446','hsa04151'),('ENSG00000136238','hsa04151'),('ENSG00000136244','hsa04151'),('ENSG00000136997','hsa04151'),('ENSG00000138798','hsa04151'),('ENSG00000140443','hsa04151'),('ENSG00000146592','hsa04151'),('ENSG00000146648','hsa04151'),('ENSG00000154229','hsa04151'),('ENSG00000157613','hsa04151'),('ENSG00000169032','hsa04151'),('ENSG00000171791','hsa04151'),('ENSG00000173039','hsa04151'),('ENSG00000174775','hsa04151'),('ENSG00000177885','hsa04151'),('ENSG00000182158','hsa04151'),('ENSG00000198793','hsa04151'),('ENSG00000213281','hsa04151'),('ENSG00000213341','hsa04151'),('ENSG00000254647','hsa04151'),('ENSG00000269335','hsa04151'),('ENSG00000017427','hsa04152'),('ENSG00000060566','hsa04152'),('ENSG00000107175','hsa04152'),('ENSG00000110092','hsa04152'),('ENSG00000118260','hsa04152'),('ENSG00000140443','hsa04152'),('ENSG00000146592','hsa04152'),('ENSG00000157613','hsa04152'),('ENSG00000182158','hsa04152'),('ENSG00000198793','hsa04152'),('ENSG00000254647','hsa04152'),('ENSG00000002330','hsa04210'),('ENSG00000026103','hsa04210'),('ENSG00000050748','hsa04210'),('ENSG00000064012','hsa04210'),('ENSG00000075624','hsa04210'),('ENSG00000087088','hsa04210'),('ENSG00000100906','hsa04210'),('ENSG00000104365','hsa04210'),('ENSG00000107643','hsa04210'),('ENSG00000109320','hsa04210'),('ENSG00000109339','hsa04210'),('ENSG00000123104','hsa04210'),('ENSG00000126934','hsa04210'),('ENSG00000132155','hsa04210'),('ENSG00000132906','hsa04210'),('ENSG00000133703','hsa04210'),('ENSG00000150995','hsa04210'),('ENSG00000164305','hsa04210'),('ENSG00000169032','hsa04210'),('ENSG00000170345','hsa04210'),('ENSG00000171791','hsa04210'),('ENSG00000173039','hsa04210'),('ENSG00000174775','hsa04210'),('ENSG00000177606','hsa04210'),('ENSG00000184009','hsa04210'),('ENSG00000213281','hsa04210'),('ENSG00000213341','hsa04210'),('ENSG00000269335','hsa04210'),('ENSG00000017427','hsa04211'),('ENSG00000060566','hsa04211'),('ENSG00000072062','hsa04211'),('ENSG00000087088','hsa04211'),('ENSG00000107175','hsa04211'),('ENSG00000109320','hsa04211'),('ENSG00000118260','hsa04211'),('ENSG00000129467','hsa04211'),('ENSG00000133703','hsa04211'),('ENSG00000140443','hsa04211'),('ENSG00000142875','hsa04211'),('ENSG00000146592','hsa04211'),('ENSG00000157613','hsa04211'),('ENSG00000162104','hsa04211'),('ENSG00000164742','hsa04211'),('ENSG00000165059','hsa04211'),('ENSG00000173039','hsa04211'),('ENSG00000173175','hsa04211'),('ENSG00000174233','hsa04211'),('ENSG00000174775','hsa04211'),('ENSG00000182158','hsa04211'),('ENSG00000198793','hsa04211'),('ENSG00000213281','hsa04211'),('ENSG00000254647','hsa04211'),('ENSG00000017427','hsa04213'),('ENSG00000072062','hsa04213'),('ENSG00000129467','hsa04213'),('ENSG00000133703','hsa04213'),('ENSG00000140443','hsa04213'),('ENSG00000142875','hsa04213'),('ENSG00000162104','hsa04213'),('ENSG00000164742','hsa04213'),('ENSG00000165059','hsa04213'),('ENSG00000173175','hsa04213'),('ENSG00000174233','hsa04213'),('ENSG00000174775','hsa04213'),('ENSG00000198793','hsa04213'),('ENSG00000213281','hsa04213'),('ENSG00000254647','hsa04213'),('ENSG00000050748','hsa04215'),('ENSG00000064012','hsa04215'),('ENSG00000087088','hsa04215'),('ENSG00000107643','hsa04215'),('ENSG00000109339','hsa04215'),('ENSG00000132906','hsa04215'),('ENSG00000164305','hsa04215'),('ENSG00000171791','hsa04215'),('ENSG00000026103','hsa04217'),('ENSG00000050748','hsa04217'),('ENSG00000064012','hsa04217'),('ENSG00000087088','hsa04217'),('ENSG00000107643','hsa04217'),('ENSG00000109339','hsa04217'),('ENSG00000111537','hsa04217'),('ENSG00000125538','hsa04217'),('ENSG00000148660','hsa04217'),('ENSG00000168610','hsa04217'),('ENSG00000171791','hsa04217'),('ENSG00000092969','hsa04218'),('ENSG00000105329','hsa04218'),('ENSG00000107758','hsa04218'),('ENSG00000109320','hsa04218'),('ENSG00000110092','hsa04218'),('ENSG00000120910','hsa04218'),('ENSG00000123104','hsa04218'),('ENSG00000124762','hsa04218'),('ENSG00000126934','hsa04218'),('ENSG00000132155','hsa04218'),('ENSG00000133703','hsa04218'),('ENSG00000135446','hsa04218'),('ENSG00000136244','hsa04218'),('ENSG00000136997','hsa04218'),('ENSG00000150995','hsa04218'),('ENSG00000157388','hsa04218'),('ENSG00000169032','hsa04218'),('ENSG00000169429','hsa04218'),('ENSG00000169885','hsa04218'),('ENSG00000173039','hsa04218'),('ENSG00000174775','hsa04218'),('ENSG00000178363','hsa04218'),('ENSG00000198668','hsa04218'),('ENSG00000198793','hsa04218'),('ENSG00000213281','hsa04218'),('ENSG00000151067','hsa04260'),('ENSG00000157388','hsa04260'),('ENSG00000060566','hsa04261'),('ENSG00000065135','hsa04261'),('ENSG00000072062','hsa04261'),('ENSG00000087460','hsa04261'),('ENSG00000101333','hsa04261'),('ENSG00000107175','hsa04261'),('ENSG00000114353','hsa04261'),('ENSG00000118260','hsa04261'),('ENSG00000127955','hsa04261'),('ENSG00000129467','hsa04261'),('ENSG00000137841','hsa04261'),('ENSG00000142875','hsa04261'),('ENSG00000146592','hsa04261'),('ENSG00000148660','hsa04261'),('ENSG00000151067','hsa04261'),('ENSG00000154229','hsa04261'),('ENSG00000156052','hsa04261'),('ENSG00000157388','hsa04261'),('ENSG00000157613','hsa04261'),('ENSG00000162104','hsa04261'),('ENSG00000164742','hsa04261'),('ENSG00000165059','hsa04261'),('ENSG00000169885','hsa04261'),('ENSG00000171791','hsa04261'),('ENSG00000173175','hsa04261'),('ENSG00000174233','hsa04261'),('ENSG00000178363','hsa04261'),('ENSG00000182158','hsa04261'),('ENSG00000182621','hsa04261'),('ENSG00000198668','hsa04261'),('ENSG00000067560','hsa04270'),('ENSG00000072062','hsa04270'),('ENSG00000078061','hsa04270'),('ENSG00000087460','hsa04270'),('ENSG00000101333','hsa04270'),('ENSG00000123104','hsa04270'),('ENSG00000126934','hsa04270'),('ENSG00000129467','hsa04270'),('ENSG00000132155','hsa04270'),('ENSG00000137841','hsa04270'),('ENSG00000142875','hsa04270'),('ENSG00000150995','hsa04270'),('ENSG00000151067','hsa04270'),('ENSG00000154229','hsa04270'),('ENSG00000156052','hsa04270'),('ENSG00000157388','hsa04270'),('ENSG00000157764','hsa04270'),('ENSG00000162104','hsa04270'),('ENSG00000164742','hsa04270'),('ENSG00000165059','hsa04270'),('ENSG00000169032','hsa04270'),('ENSG00000169885','hsa04270'),('ENSG00000173175','hsa04270'),('ENSG00000174233','hsa04270'),('ENSG00000178363','hsa04270'),('ENSG00000182621','hsa04270'),('ENSG00000198668','hsa04270'),('ENSG00000050748','hsa04310'),('ENSG00000067560','hsa04310'),('ENSG00000072062','hsa04310'),('ENSG00000082701','hsa04310'),('ENSG00000101333','hsa04310'),('ENSG00000107643','hsa04310'),('ENSG00000107758','hsa04310'),('ENSG00000109339','hsa04310'),('ENSG00000110092','hsa04310'),('ENSG00000120910','hsa04310'),('ENSG00000136238','hsa04310'),('ENSG00000136997','hsa04310'),('ENSG00000137841','hsa04310'),('ENSG00000142875','hsa04310'),('ENSG00000148660','hsa04310'),('ENSG00000154229','hsa04310'),('ENSG00000165059','hsa04310'),('ENSG00000168036','hsa04310'),('ENSG00000177606','hsa04310'),('ENSG00000182621','hsa04310'),('ENSG00000072062','hsa04340'),('ENSG00000082701','hsa04340'),('ENSG00000110092','hsa04340'),('ENSG00000142875','hsa04340'),('ENSG00000165059','hsa04340'),('ENSG00000171791','hsa04340'),('ENSG00000067560','hsa04350'),('ENSG00000092969','hsa04350'),('ENSG00000105329','hsa04350'),('ENSG00000111537','hsa04350'),('ENSG00000136997','hsa04350'),('ENSG00000065135','hsa04360'),('ENSG00000067560','hsa04360'),('ENSG00000070831','hsa04360'),('ENSG00000082701','hsa04360'),('ENSG00000107758','hsa04360'),('ENSG00000114353','hsa04360'),('ENSG00000120910','hsa04360'),('ENSG00000127955','hsa04360'),('ENSG00000132155','hsa04360'),('ENSG00000133703','hsa04360'),('ENSG00000136238','hsa04360'),('ENSG00000148660','hsa04360'),('ENSG00000154229','hsa04360'),('ENSG00000174775','hsa04360'),('ENSG00000197122','hsa04360'),('ENSG00000197943','hsa04360'),('ENSG00000213281','hsa04360'),('ENSG00000002330','hsa04370'),('ENSG00000070831','hsa04370'),('ENSG00000107758','hsa04370'),('ENSG00000120910','hsa04370'),('ENSG00000126934','hsa04370'),('ENSG00000132155','hsa04370'),('ENSG00000132906','hsa04370'),('ENSG00000133703','hsa04370'),('ENSG00000136238','hsa04370'),('ENSG00000154229','hsa04370'),('ENSG00000169032','hsa04370'),('ENSG00000174775','hsa04370'),('ENSG00000197122','hsa04370'),('ENSG00000197943','hsa04370'),('ENSG00000213281','hsa04370'),('ENSG00000065135','hsa04371'),('ENSG00000072062','hsa04371'),('ENSG00000101333','hsa04371'),('ENSG00000110092','hsa04371'),('ENSG00000114353','hsa04371'),('ENSG00000123104','hsa04371'),('ENSG00000126934','hsa04371'),('ENSG00000127955','hsa04371'),('ENSG00000129467','hsa04371'),('ENSG00000132155','hsa04371'),('ENSG00000133703','hsa04371'),('ENSG00000137841','hsa04371'),('ENSG00000142875','hsa04371'),('ENSG00000150995','hsa04371'),('ENSG00000156052','hsa04371'),('ENSG00000162104','hsa04371'),('ENSG00000164742','hsa04371'),('ENSG00000165059','hsa04371'),('ENSG00000169032','hsa04371'),('ENSG00000169885','hsa04371'),('ENSG00000173175','hsa04371'),('ENSG00000174233','hsa04371'),('ENSG00000174775','hsa04371'),('ENSG00000178363','hsa04371'),('ENSG00000182621','hsa04371'),('ENSG00000198668','hsa04371'),('ENSG00000198793','hsa04371'),('ENSG00000213281','hsa04371'),('ENSG00000050748','hsa04380'),('ENSG00000092969','hsa04380'),('ENSG00000100906','hsa04380'),('ENSG00000104365','hsa04380'),('ENSG00000105329','hsa04380'),('ENSG00000107643','hsa04380'),('ENSG00000107758','hsa04380'),('ENSG00000109320','hsa04380'),('ENSG00000109339','hsa04380'),('ENSG00000111537','hsa04380'),('ENSG00000118260','hsa04380'),('ENSG00000120910','hsa04380'),('ENSG00000125538','hsa04380'),('ENSG00000136238','hsa04380'),('ENSG00000169032','hsa04380'),('ENSG00000170345','hsa04380'),('ENSG00000173039','hsa04380'),('ENSG00000177606','hsa04380'),('ENSG00000177885','hsa04380'),('ENSG00000197943','hsa04380'),('ENSG00000213341','hsa04380'),('ENSG00000269335','hsa04380'),('ENSG00000075624','hsa04390'),('ENSG00000082701','hsa04390'),('ENSG00000092969','hsa04390'),('ENSG00000105329','hsa04390'),('ENSG00000110092','hsa04390'),('ENSG00000136997','hsa04390'),('ENSG00000168036','hsa04390'),('ENSG00000184009','hsa04390'),('ENSG00000002330','hsa04510'),('ENSG00000017427','hsa04510'),('ENSG00000050748','hsa04510'),('ENSG00000067560','hsa04510'),('ENSG00000070831','hsa04510'),('ENSG00000075624','hsa04510'),('ENSG00000082701','hsa04510'),('ENSG00000100485','hsa04510'),('ENSG00000107643','hsa04510'),('ENSG00000109339','hsa04510'),('ENSG00000110092','hsa04510'),('ENSG00000115904','hsa04510'),('ENSG00000132155','hsa04510'),('ENSG00000136238','hsa04510'),('ENSG00000138798','hsa04510'),('ENSG00000140443','hsa04510'),('ENSG00000146648','hsa04510'),('ENSG00000154229','hsa04510'),('ENSG00000157764','hsa04510'),('ENSG00000168036','hsa04510'),('ENSG00000169032','hsa04510'),('ENSG00000171791','hsa04510'),('ENSG00000174775','hsa04510'),('ENSG00000177606','hsa04510'),('ENSG00000177885','hsa04510'),('ENSG00000184009','hsa04510'),('ENSG00000197122','hsa04510'),('ENSG00000067560','hsa04520'),('ENSG00000070831','hsa04520'),('ENSG00000075624','hsa04520'),('ENSG00000136238','hsa04520'),('ENSG00000140443','hsa04520'),('ENSG00000146648','hsa04520'),('ENSG00000168036','hsa04520'),('ENSG00000184009','hsa04520'),('ENSG00000197122','hsa04520'),('ENSG00000050748','hsa04530'),('ENSG00000067560','hsa04530'),('ENSG00000070831','hsa04530'),('ENSG00000072062','hsa04530'),('ENSG00000075624','hsa04530'),('ENSG00000107643','hsa04530'),('ENSG00000109339','hsa04530'),('ENSG00000110092','hsa04530'),('ENSG00000135446','hsa04530'),('ENSG00000136238','hsa04530'),('ENSG00000142875','hsa04530'),('ENSG00000157388','hsa04530'),('ENSG00000165059','hsa04530'),('ENSG00000177606','hsa04530'),('ENSG00000184009','hsa04530'),('ENSG00000197122','hsa04530'),('ENSG00000065135','hsa04540'),('ENSG00000072062','hsa04540'),('ENSG00000087460','hsa04540'),('ENSG00000100485','hsa04540'),('ENSG00000101333','hsa04540'),('ENSG00000114353','hsa04540'),('ENSG00000115904','hsa04540'),('ENSG00000123104','hsa04540'),('ENSG00000126934','hsa04540'),('ENSG00000127955','hsa04540'),('ENSG00000129467','hsa04540'),('ENSG00000132155','hsa04540'),('ENSG00000133703','hsa04540'),('ENSG00000137841','hsa04540'),('ENSG00000138798','hsa04540'),('ENSG00000142875','hsa04540'),('ENSG00000146648','hsa04540'),('ENSG00000150995','hsa04540'),('ENSG00000154229','hsa04540'),('ENSG00000156052','hsa04540'),('ENSG00000162104','hsa04540'),('ENSG00000164742','hsa04540'),('ENSG00000165059','hsa04540'),('ENSG00000169032','hsa04540'),('ENSG00000173175','hsa04540'),('ENSG00000174233','hsa04540'),('ENSG00000174775','hsa04540'),('ENSG00000177885','hsa04540'),('ENSG00000182621','hsa04540'),('ENSG00000197122','hsa04540'),('ENSG00000213281','hsa04540'),('ENSG00000017427','hsa04550'),('ENSG00000082701','hsa04550'),('ENSG00000126934','hsa04550'),('ENSG00000132155','hsa04550'),('ENSG00000133703','hsa04550'),('ENSG00000136997','hsa04550'),('ENSG00000140443','hsa04550'),('ENSG00000168036','hsa04550'),('ENSG00000168610','hsa04550'),('ENSG00000169032','hsa04550'),('ENSG00000174775','hsa04550'),('ENSG00000177885','hsa04550'),('ENSG00000213281','hsa04550'),('ENSG00000065135','hsa04611'),('ENSG00000067560','hsa04611'),('ENSG00000072062','hsa04611'),('ENSG00000075624','hsa04611'),('ENSG00000087460','hsa04611'),('ENSG00000101333','hsa04611'),('ENSG00000114353','hsa04611'),('ENSG00000123104','hsa04611'),('ENSG00000127955','hsa04611'),('ENSG00000129467','hsa04611'),('ENSG00000137841','hsa04611'),('ENSG00000142875','hsa04611'),('ENSG00000150995','hsa04611'),('ENSG00000156052','hsa04611'),('ENSG00000162104','hsa04611'),('ENSG00000164742','hsa04611'),('ENSG00000165059','hsa04611'),('ENSG00000173175','hsa04611'),('ENSG00000174233','hsa04611'),('ENSG00000182621','hsa04611'),('ENSG00000184009','hsa04611'),('ENSG00000197122','hsa04611'),('ENSG00000197943','hsa04611'),('ENSG00000111537','hsa04612'),('ENSG00000118260','hsa04612'),('ENSG00000050748','hsa04620'),('ENSG00000064012','hsa04620'),('ENSG00000100906','hsa04620'),('ENSG00000104365','hsa04620'),('ENSG00000107643','hsa04620'),('ENSG00000109320','hsa04620'),('ENSG00000109339','hsa04620'),('ENSG00000125538','hsa04620'),('ENSG00000126934','hsa04620'),('ENSG00000136238','hsa04620'),('ENSG00000136244','hsa04620'),('ENSG00000169032','hsa04620'),('ENSG00000169429','hsa04620'),('ENSG00000170345','hsa04620'),('ENSG00000173039','hsa04620'),('ENSG00000177606','hsa04620'),('ENSG00000213341','hsa04620'),('ENSG00000269335','hsa04620'),('ENSG00000050748','hsa04621'),('ENSG00000064012','hsa04621'),('ENSG00000067560','hsa04621'),('ENSG00000100906','hsa04621'),('ENSG00000101333','hsa04621'),('ENSG00000104365','hsa04621'),('ENSG00000107643','hsa04621'),('ENSG00000109320','hsa04621'),('ENSG00000109339','hsa04621'),('ENSG00000123104','hsa04621'),('ENSG00000125538','hsa04621'),('ENSG00000136244','hsa04621'),('ENSG00000137841','hsa04621'),('ENSG00000150995','hsa04621'),('ENSG00000169429','hsa04621'),('ENSG00000171791','hsa04621'),('ENSG00000173039','hsa04621'),('ENSG00000177606','hsa04621'),('ENSG00000182621','hsa04621'),('ENSG00000213341','hsa04621'),('ENSG00000269335','hsa04621'),('ENSG00000050748','hsa04622'),('ENSG00000064012','hsa04622'),('ENSG00000100906','hsa04622'),('ENSG00000104365','hsa04622'),('ENSG00000107643','hsa04622'),('ENSG00000109320','hsa04622'),('ENSG00000109339','hsa04622'),('ENSG00000169429','hsa04622'),('ENSG00000173039','hsa04622'),('ENSG00000213341','hsa04622'),('ENSG00000269335','hsa04622'),('ENSG00000100906','hsa04623'),('ENSG00000104365','hsa04623'),('ENSG00000109320','hsa04623'),('ENSG00000125538','hsa04623'),('ENSG00000136244','hsa04623'),('ENSG00000173039','hsa04623'),('ENSG00000213341','hsa04623'),('ENSG00000269335','hsa04623'),('ENSG00000050748','hsa04625'),('ENSG00000064012','hsa04625'),('ENSG00000067560','hsa04625'),('ENSG00000100906','hsa04625'),('ENSG00000104365','hsa04625'),('ENSG00000107643','hsa04625'),('ENSG00000107758','hsa04625'),('ENSG00000109320','hsa04625'),('ENSG00000109339','hsa04625'),('ENSG00000120910','hsa04625'),('ENSG00000123104','hsa04625'),('ENSG00000125538','hsa04625'),('ENSG00000132155','hsa04625'),('ENSG00000133703','hsa04625'),('ENSG00000136244','hsa04625'),('ENSG00000150995','hsa04625'),('ENSG00000169885','hsa04625'),('ENSG00000173039','hsa04625'),('ENSG00000174775','hsa04625'),('ENSG00000177606','hsa04625'),('ENSG00000178363','hsa04625'),('ENSG00000197122','hsa04625'),('ENSG00000197943','hsa04625'),('ENSG00000198668','hsa04625'),('ENSG00000213281','hsa04625'),('ENSG00000213341','hsa04625'),('ENSG00000269335','hsa04625'),('ENSG00000100485','hsa04630'),('ENSG00000110092','hsa04630'),('ENSG00000111537','hsa04630'),('ENSG00000115904','hsa04630'),('ENSG00000124762','hsa04630'),('ENSG00000132155','hsa04630'),('ENSG00000136244','hsa04630'),('ENSG00000136997','hsa04630'),('ENSG00000138798','hsa04630'),('ENSG00000146648','hsa04630'),('ENSG00000168610','hsa04630'),('ENSG00000171791','hsa04630'),('ENSG00000174775','hsa04630'),('ENSG00000177885','hsa04630'),('ENSG00000198793','hsa04630'),('ENSG00000125538','hsa04640'),('ENSG00000136244','hsa04640'),('ENSG00000026103','hsa04650'),('ENSG00000078061','hsa04650'),('ENSG00000100485','hsa04650'),('ENSG00000107758','hsa04650'),('ENSG00000111537','hsa04650'),('ENSG00000115904','hsa04650'),('ENSG00000120910','hsa04650'),('ENSG00000126934','hsa04650'),('ENSG00000132155','hsa04650'),('ENSG00000133703','hsa04650'),('ENSG00000136238','hsa04650'),('ENSG00000154229','hsa04650'),('ENSG00000157764','hsa04650'),('ENSG00000164305','hsa04650'),('ENSG00000169032','hsa04650'),('ENSG00000174775','hsa04650'),('ENSG00000177885','hsa04650'),('ENSG00000197943','hsa04650'),('ENSG00000213281','hsa04650'),('ENSG00000050748','hsa04657'),('ENSG00000064012','hsa04657'),('ENSG00000082701','hsa04657'),('ENSG00000100906','hsa04657'),('ENSG00000104365','hsa04657'),('ENSG00000107643','hsa04657'),('ENSG00000109320','hsa04657'),('ENSG00000109339','hsa04657'),('ENSG00000111537','hsa04657'),('ENSG00000125538','hsa04657'),('ENSG00000136244','hsa04657'),('ENSG00000164305','hsa04657'),('ENSG00000169429','hsa04657'),('ENSG00000170345','hsa04657'),('ENSG00000173039','hsa04657'),('ENSG00000177606','hsa04657'),('ENSG00000213341','hsa04657'),('ENSG00000269335','hsa04657'),('ENSG00000050748','hsa04658'),('ENSG00000100906','hsa04658'),('ENSG00000104365','hsa04658'),('ENSG00000107643','hsa04658'),('ENSG00000107758','hsa04658'),('ENSG00000109320','hsa04658'),('ENSG00000109339','hsa04658'),('ENSG00000111537','hsa04658'),('ENSG00000120910','hsa04658'),('ENSG00000170345','hsa04658'),('ENSG00000173039','hsa04658'),('ENSG00000177606','hsa04658'),('ENSG00000213341','hsa04658'),('ENSG00000269335','hsa04658'),('ENSG00000050748','hsa04659'),('ENSG00000100906','hsa04659'),('ENSG00000104365','hsa04659'),('ENSG00000105329','hsa04659'),('ENSG00000107643','hsa04659'),('ENSG00000107758','hsa04659'),('ENSG00000109320','hsa04659'),('ENSG00000109339','hsa04659'),('ENSG00000111537','hsa04659'),('ENSG00000120910','hsa04659'),('ENSG00000125538','hsa04659'),('ENSG00000136244','hsa04659'),('ENSG00000168610','hsa04659'),('ENSG00000170345','hsa04659'),('ENSG00000173039','hsa04659'),('ENSG00000177606','hsa04659'),('ENSG00000198793','hsa04659'),('ENSG00000213341','hsa04659'),('ENSG00000269335','hsa04659'),('ENSG00000050748','hsa04660'),('ENSG00000067560','hsa04660'),('ENSG00000070831','hsa04660'),('ENSG00000082701','hsa04660'),('ENSG00000100485','hsa04660'),('ENSG00000100906','hsa04660'),('ENSG00000104365','hsa04660'),('ENSG00000107758','hsa04660'),('ENSG00000109320','hsa04660'),('ENSG00000111537','hsa04660'),('ENSG00000115904','hsa04660'),('ENSG00000120910','hsa04660'),('ENSG00000126934','hsa04660'),('ENSG00000132155','hsa04660'),('ENSG00000133703','hsa04660'),('ENSG00000135446','hsa04660'),('ENSG00000169032','hsa04660'),('ENSG00000170345','hsa04660'),('ENSG00000173039','hsa04660'),('ENSG00000174775','hsa04660'),('ENSG00000177606','hsa04660'),('ENSG00000177885','hsa04660'),('ENSG00000213281','hsa04660'),('ENSG00000213341','hsa04660'),('ENSG00000269335','hsa04660'),('ENSG00000082701','hsa04662'),('ENSG00000100485','hsa04662'),('ENSG00000100906','hsa04662'),('ENSG00000104365','hsa04662'),('ENSG00000107758','hsa04662'),('ENSG00000109320','hsa04662'),('ENSG00000115904','hsa04662'),('ENSG00000120910','hsa04662'),('ENSG00000126934','hsa04662'),('ENSG00000132155','hsa04662'),('ENSG00000133703','hsa04662'),('ENSG00000136238','hsa04662'),('ENSG00000169032','hsa04662'),('ENSG00000170345','hsa04662'),('ENSG00000173039','hsa04662'),('ENSG00000174775','hsa04662'),('ENSG00000177606','hsa04662'),('ENSG00000177885','hsa04662'),('ENSG00000197943','hsa04662'),('ENSG00000213281','hsa04662'),('ENSG00000213341','hsa04662'),('ENSG00000269335','hsa04662'),('ENSG00000050748','hsa04664'),('ENSG00000100485','hsa04664'),('ENSG00000107643','hsa04664'),('ENSG00000109339','hsa04664'),('ENSG00000115904','hsa04664'),('ENSG00000126934','hsa04664'),('ENSG00000132155','hsa04664'),('ENSG00000133703','hsa04664'),('ENSG00000136238','hsa04664'),('ENSG00000154229','hsa04664'),('ENSG00000169032','hsa04664'),('ENSG00000174775','hsa04664'),('ENSG00000177885','hsa04664'),('ENSG00000197943','hsa04664'),('ENSG00000213281','hsa04664'),('ENSG00000070831','hsa04666'),('ENSG00000132155','hsa04666'),('ENSG00000136238','hsa04666'),('ENSG00000154229','hsa04666'),('ENSG00000169032','hsa04666'),('ENSG00000197943','hsa04666'),('ENSG00000026103','hsa04668'),('ENSG00000050748','hsa04668'),('ENSG00000060566','hsa04668'),('ENSG00000064012','hsa04668'),('ENSG00000100906','hsa04668'),('ENSG00000104365','hsa04668'),('ENSG00000107175','hsa04668'),('ENSG00000107643','hsa04668'),('ENSG00000109320','hsa04668'),('ENSG00000109339','hsa04668'),('ENSG00000118260','hsa04668'),('ENSG00000125538','hsa04668'),('ENSG00000136244','hsa04668'),('ENSG00000146592','hsa04668'),('ENSG00000157613','hsa04668'),('ENSG00000164305','hsa04668'),('ENSG00000169032','hsa04668'),('ENSG00000170345','hsa04668'),('ENSG00000173039','hsa04668'),('ENSG00000177606','hsa04668'),('ENSG00000182158','hsa04668'),('ENSG00000213341','hsa04668'),('ENSG00000269335','hsa04668'),('ENSG00000065135','hsa04670'),('ENSG00000067560','hsa04670'),('ENSG00000070831','hsa04670'),('ENSG00000075624','hsa04670'),('ENSG00000114353','hsa04670'),('ENSG00000127955','hsa04670'),('ENSG00000136238','hsa04670'),('ENSG00000154229','hsa04670'),('ENSG00000168036','hsa04670'),('ENSG00000184009','hsa04670'),('ENSG00000197943','hsa04670'),('ENSG00000105329','hsa04672'),('ENSG00000136244','hsa04672'),('ENSG00000118260','hsa04710'),('ENSG00000065135','hsa04713'),('ENSG00000072062','hsa04713'),('ENSG00000087460','hsa04713'),('ENSG00000101333','hsa04713'),('ENSG00000114353','hsa04713'),('ENSG00000118260','hsa04713'),('ENSG00000127955','hsa04713'),('ENSG00000129467','hsa04713'),('ENSG00000137841','hsa04713'),('ENSG00000142875','hsa04713'),('ENSG00000148660','hsa04713'),('ENSG00000150995','hsa04713'),('ENSG00000151067','hsa04713'),('ENSG00000154229','hsa04713'),('ENSG00000156052','hsa04713'),('ENSG00000157388','hsa04713'),('ENSG00000162104','hsa04713'),('ENSG00000164742','hsa04713'),('ENSG00000165059','hsa04713'),('ENSG00000169885','hsa04713'),('ENSG00000170345','hsa04713'),('ENSG00000173175','hsa04713'),('ENSG00000174233','hsa04713'),('ENSG00000178363','hsa04713'),('ENSG00000182621','hsa04713'),('ENSG00000198668','hsa04713'),('ENSG00000060566','hsa04714'),('ENSG00000072062','hsa04714'),('ENSG00000075624','hsa04714'),('ENSG00000087460','hsa04714'),('ENSG00000100485','hsa04714'),('ENSG00000107175','hsa04714'),('ENSG00000115904','hsa04714'),('ENSG00000118260','hsa04714'),('ENSG00000129467','hsa04714'),('ENSG00000133703','hsa04714'),('ENSG00000142875','hsa04714'),('ENSG00000146592','hsa04714'),('ENSG00000157613','hsa04714'),('ENSG00000162104','hsa04714'),('ENSG00000164742','hsa04714'),('ENSG00000165059','hsa04714'),('ENSG00000173175','hsa04714'),('ENSG00000174233','hsa04714'),('ENSG00000174775','hsa04714'),('ENSG00000177885','hsa04714'),('ENSG00000182158','hsa04714'),('ENSG00000184009','hsa04714'),('ENSG00000198793','hsa04714'),('ENSG00000213281','hsa04714'),('ENSG00000072062','hsa04720'),('ENSG00000078061','hsa04720'),('ENSG00000101333','hsa04720'),('ENSG00000107758','hsa04720'),('ENSG00000120910','hsa04720'),('ENSG00000123104','hsa04720'),('ENSG00000126934','hsa04720'),('ENSG00000132155','hsa04720'),('ENSG00000133703','hsa04720'),('ENSG00000137841','hsa04720'),('ENSG00000142875','hsa04720'),('ENSG00000148660','hsa04720'),('ENSG00000150995','hsa04720'),('ENSG00000151067','hsa04720'),('ENSG00000154229','hsa04720'),('ENSG00000156052','hsa04720'),('ENSG00000157764','hsa04720'),('ENSG00000164742','hsa04720'),('ENSG00000165059','hsa04720'),('ENSG00000169032','hsa04720'),('ENSG00000169885','hsa04720'),('ENSG00000174775','hsa04720'),('ENSG00000178363','hsa04720'),('ENSG00000182621','hsa04720'),('ENSG00000198668','hsa04720'),('ENSG00000213281','hsa04720'),('ENSG00000002330','hsa04722'),('ENSG00000050748','hsa04722'),('ENSG00000067560','hsa04722'),('ENSG00000070831','hsa04722'),('ENSG00000082701','hsa04722'),('ENSG00000087088','hsa04722'),('ENSG00000100485','hsa04722'),('ENSG00000100906','hsa04722'),('ENSG00000104365','hsa04722'),('ENSG00000107643','hsa04722'),('ENSG00000109320','hsa04722'),('ENSG00000109339','hsa04722'),('ENSG00000115904','hsa04722'),('ENSG00000126934','hsa04722'),('ENSG00000132155','hsa04722'),('ENSG00000133703','hsa04722'),('ENSG00000136238','hsa04722'),('ENSG00000148660','hsa04722'),('ENSG00000157764','hsa04722'),('ENSG00000169032','hsa04722'),('ENSG00000169885','hsa04722'),('ENSG00000171791','hsa04722'),('ENSG00000173039','hsa04722'),('ENSG00000174775','hsa04722'),('ENSG00000177606','hsa04722'),('ENSG00000177885','hsa04722'),('ENSG00000178363','hsa04722'),('ENSG00000197943','hsa04722'),('ENSG00000198668','hsa04722'),('ENSG00000213281','hsa04722'),('ENSG00000050748','hsa04723'),('ENSG00000065135','hsa04723'),('ENSG00000072062','hsa04723'),('ENSG00000101333','hsa04723'),('ENSG00000107643','hsa04723'),('ENSG00000109339','hsa04723'),('ENSG00000114353','hsa04723'),('ENSG00000123104','hsa04723'),('ENSG00000127955','hsa04723'),('ENSG00000129467','hsa04723'),('ENSG00000137841','hsa04723'),('ENSG00000142875','hsa04723'),('ENSG00000150995','hsa04723'),('ENSG00000151067','hsa04723'),('ENSG00000154229','hsa04723'),('ENSG00000156052','hsa04723'),('ENSG00000157388','hsa04723'),('ENSG00000162104','hsa04723'),('ENSG00000164742','hsa04723'),('ENSG00000165059','hsa04723'),('ENSG00000173175','hsa04723'),('ENSG00000174233','hsa04723'),('ENSG00000182621','hsa04723'),('ENSG00000065135','hsa04724'),('ENSG00000072062','hsa04724'),('ENSG00000087460','hsa04724'),('ENSG00000101333','hsa04724'),('ENSG00000107758','hsa04724'),('ENSG00000114353','hsa04724'),('ENSG00000120910','hsa04724'),('ENSG00000123104','hsa04724'),('ENSG00000127955','hsa04724'),('ENSG00000129467','hsa04724'),('ENSG00000137841','hsa04724'),('ENSG00000142875','hsa04724'),('ENSG00000150995','hsa04724'),('ENSG00000151067','hsa04724'),('ENSG00000154229','hsa04724'),('ENSG00000156052','hsa04724'),('ENSG00000157388','hsa04724'),('ENSG00000162104','hsa04724'),('ENSG00000164742','hsa04724'),('ENSG00000165059','hsa04724'),('ENSG00000173175','hsa04724'),('ENSG00000174233','hsa04724'),('ENSG00000182621','hsa04724'),('ENSG00000060566','hsa04725'),('ENSG00000065135','hsa04725'),('ENSG00000072062','hsa04725'),('ENSG00000101333','hsa04725'),('ENSG00000107175','hsa04725'),('ENSG00000114353','hsa04725'),('ENSG00000118260','hsa04725'),('ENSG00000123104','hsa04725'),('ENSG00000127955','hsa04725'),('ENSG00000129467','hsa04725'),('ENSG00000133703','hsa04725'),('ENSG00000137841','hsa04725'),('ENSG00000142875','hsa04725'),('ENSG00000146592','hsa04725'),('ENSG00000148660','hsa04725'),('ENSG00000150995','hsa04725'),('ENSG00000151067','hsa04725'),('ENSG00000154229','hsa04725'),('ENSG00000156052','hsa04725'),('ENSG00000157388','hsa04725'),('ENSG00000157613','hsa04725'),('ENSG00000162104','hsa04725'),('ENSG00000164742','hsa04725'),('ENSG00000165059','hsa04725'),('ENSG00000169032','hsa04725'),('ENSG00000170345','hsa04725'),('ENSG00000171791','hsa04725'),('ENSG00000173175','hsa04725'),('ENSG00000174233','hsa04725'),('ENSG00000174775','hsa04725'),('ENSG00000182158','hsa04725'),('ENSG00000182621','hsa04725'),('ENSG00000213281','hsa04725'),('ENSG00000065135','hsa04726'),('ENSG00000072062','hsa04726'),('ENSG00000078061','hsa04726'),('ENSG00000087460','hsa04726'),('ENSG00000101333','hsa04726'),('ENSG00000114353','hsa04726'),('ENSG00000123104','hsa04726'),('ENSG00000127955','hsa04726'),('ENSG00000132155','hsa04726'),('ENSG00000133703','hsa04726'),('ENSG00000137841','hsa04726'),('ENSG00000142875','hsa04726'),('ENSG00000150995','hsa04726'),('ENSG00000151067','hsa04726'),('ENSG00000154229','hsa04726'),('ENSG00000156052','hsa04726'),('ENSG00000157388','hsa04726'),('ENSG00000157764','hsa04726'),('ENSG00000164305','hsa04726'),('ENSG00000165059','hsa04726'),('ENSG00000169032','hsa04726'),('ENSG00000173175','hsa04726'),('ENSG00000174775','hsa04726'),('ENSG00000182621','hsa04726'),('ENSG00000213281','hsa04726'),('ENSG00000065135','hsa04727'),('ENSG00000072062','hsa04727'),('ENSG00000114353','hsa04727'),('ENSG00000127955','hsa04727'),('ENSG00000129467','hsa04727'),('ENSG00000142875','hsa04727'),('ENSG00000151067','hsa04727'),('ENSG00000154229','hsa04727'),('ENSG00000157388','hsa04727'),('ENSG00000162104','hsa04727'),('ENSG00000164742','hsa04727'),('ENSG00000165059','hsa04727'),('ENSG00000173175','hsa04727'),('ENSG00000174233','hsa04727'),('ENSG00000197122','hsa04727'),('ENSG00000050748','hsa04728'),('ENSG00000060566','hsa04728'),('ENSG00000065135','hsa04728'),('ENSG00000072062','hsa04728'),('ENSG00000082701','hsa04728'),('ENSG00000087460','hsa04728'),('ENSG00000101333','hsa04728'),('ENSG00000107175','hsa04728'),('ENSG00000107643','hsa04728'),('ENSG00000107758','hsa04728'),('ENSG00000109339','hsa04728'),('ENSG00000114353','hsa04728'),('ENSG00000118260','hsa04728'),('ENSG00000120910','hsa04728'),('ENSG00000123104','hsa04728'),('ENSG00000127955','hsa04728'),('ENSG00000137841','hsa04728'),('ENSG00000142875','hsa04728'),('ENSG00000146592','hsa04728'),('ENSG00000148660','hsa04728'),('ENSG00000150995','hsa04728'),('ENSG00000151067','hsa04728'),('ENSG00000154229','hsa04728'),('ENSG00000156052','hsa04728'),('ENSG00000157388','hsa04728'),('ENSG00000157613','hsa04728'),('ENSG00000165059','hsa04728'),('ENSG00000169885','hsa04728'),('ENSG00000170345','hsa04728'),('ENSG00000173175','hsa04728'),('ENSG00000178363','hsa04728'),('ENSG00000182158','hsa04728'),('ENSG00000182621','hsa04728'),('ENSG00000198668','hsa04728'),('ENSG00000017427','hsa04730'),('ENSG00000065135','hsa04730'),('ENSG00000078061','hsa04730'),('ENSG00000087460','hsa04730'),('ENSG00000101333','hsa04730'),('ENSG00000114353','hsa04730'),('ENSG00000123104','hsa04730'),('ENSG00000126934','hsa04730'),('ENSG00000127955','hsa04730'),('ENSG00000132155','hsa04730'),('ENSG00000133703','hsa04730'),('ENSG00000137841','hsa04730'),('ENSG00000140443','hsa04730'),('ENSG00000150995','hsa04730'),('ENSG00000154229','hsa04730'),('ENSG00000156052','hsa04730'),('ENSG00000157764','hsa04730'),('ENSG00000169032','hsa04730'),('ENSG00000174775','hsa04730'),('ENSG00000182621','hsa04730'),('ENSG00000213281','hsa04730'),('ENSG00000072062','hsa04740'),('ENSG00000142875','hsa04740'),('ENSG00000148660','hsa04740'),('ENSG00000165059','hsa04740'),('ENSG00000169885','hsa04740'),('ENSG00000178363','hsa04740'),('ENSG00000198668','hsa04740'),('ENSG00000072062','hsa04742'),('ENSG00000129467','hsa04742'),('ENSG00000137841','hsa04742'),('ENSG00000142875','hsa04742'),('ENSG00000151067','hsa04742'),('ENSG00000165059','hsa04742'),('ENSG00000174233','hsa04742'),('ENSG00000169885','hsa04744'),('ENSG00000178363','hsa04744'),('ENSG00000198668','hsa04744'),('ENSG00000017427','hsa04750'),('ENSG00000050748','hsa04750'),('ENSG00000072062','hsa04750'),('ENSG00000087460','hsa04750'),('ENSG00000101333','hsa04750'),('ENSG00000107643','hsa04750'),('ENSG00000109339','hsa04750'),('ENSG00000123104','hsa04750'),('ENSG00000125538','hsa04750'),('ENSG00000129467','hsa04750'),('ENSG00000137841','hsa04750'),('ENSG00000142875','hsa04750'),('ENSG00000148660','hsa04750'),('ENSG00000150995','hsa04750'),('ENSG00000154229','hsa04750'),('ENSG00000156052','hsa04750'),('ENSG00000162104','hsa04750'),('ENSG00000164742','hsa04750'),('ENSG00000165059','hsa04750'),('ENSG00000169885','hsa04750'),('ENSG00000173175','hsa04750'),('ENSG00000174233','hsa04750'),('ENSG00000178363','hsa04750'),('ENSG00000182621','hsa04750'),('ENSG00000197122','hsa04750'),('ENSG00000197943','hsa04750'),('ENSG00000198668','hsa04750'),('ENSG00000067560','hsa04810'),('ENSG00000070831','hsa04810'),('ENSG00000075624','hsa04810'),('ENSG00000078061','hsa04810'),('ENSG00000100485','hsa04810'),('ENSG00000115904','hsa04810'),('ENSG00000126934','hsa04810'),('ENSG00000132155','hsa04810'),('ENSG00000133703','hsa04810'),('ENSG00000136238','hsa04810'),('ENSG00000138798','hsa04810'),('ENSG00000146648','hsa04810'),('ENSG00000157764','hsa04810'),('ENSG00000169032','hsa04810'),('ENSG00000174775','hsa04810'),('ENSG00000184009','hsa04810'),('ENSG00000197122','hsa04810'),('ENSG00000213281','hsa04810'),('ENSG00000254647','hsa04810'),('ENSG00000002330','hsa04910'),('ENSG00000050748','hsa04910'),('ENSG00000072062','hsa04910'),('ENSG00000078061','hsa04910'),('ENSG00000082701','hsa04910'),('ENSG00000100485','hsa04910'),('ENSG00000104365','hsa04910'),('ENSG00000107643','hsa04910'),('ENSG00000109339','hsa04910'),('ENSG00000115904','hsa04910'),('ENSG00000126934','hsa04910'),('ENSG00000132155','hsa04910'),('ENSG00000133703','hsa04910'),('ENSG00000142875','hsa04910'),('ENSG00000157764','hsa04910'),('ENSG00000165059','hsa04910'),('ENSG00000169032','hsa04910'),('ENSG00000169885','hsa04910'),('ENSG00000174775','hsa04910'),('ENSG00000177885','hsa04910'),('ENSG00000178363','hsa04910'),('ENSG00000198668','hsa04910'),('ENSG00000198793','hsa04910'),('ENSG00000213281','hsa04910'),('ENSG00000254647','hsa04910'),('ENSG00000060566','hsa04911'),('ENSG00000072062','hsa04911'),('ENSG00000087460','hsa04911'),('ENSG00000101333','hsa04911'),('ENSG00000107175','hsa04911'),('ENSG00000118260','hsa04911'),('ENSG00000129467','hsa04911'),('ENSG00000137841','hsa04911'),('ENSG00000142875','hsa04911'),('ENSG00000146592','hsa04911'),('ENSG00000148660','hsa04911'),('ENSG00000151067','hsa04911'),('ENSG00000154229','hsa04911'),('ENSG00000156052','hsa04911'),('ENSG00000157388','hsa04911'),('ENSG00000157613','hsa04911'),('ENSG00000162104','hsa04911'),('ENSG00000164742','hsa04911'),('ENSG00000165059','hsa04911'),('ENSG00000173175','hsa04911'),('ENSG00000174233','hsa04911'),('ENSG00000182158','hsa04911'),('ENSG00000182621','hsa04911'),('ENSG00000254647','hsa04911'),('ENSG00000050748','hsa04912'),('ENSG00000070831','hsa04912'),('ENSG00000072062','hsa04912'),('ENSG00000087460','hsa04912'),('ENSG00000100485','hsa04912'),('ENSG00000101333','hsa04912'),('ENSG00000107643','hsa04912'),('ENSG00000109339','hsa04912'),('ENSG00000115904','hsa04912'),('ENSG00000123104','hsa04912'),('ENSG00000126934','hsa04912'),('ENSG00000129467','hsa04912'),('ENSG00000132155','hsa04912'),('ENSG00000133703','hsa04912'),('ENSG00000137841','hsa04912'),('ENSG00000142875','hsa04912'),('ENSG00000146648','hsa04912'),('ENSG00000148660','hsa04912'),('ENSG00000150995','hsa04912'),('ENSG00000151067','hsa04912'),('ENSG00000154229','hsa04912'),('ENSG00000156052','hsa04912'),('ENSG00000157388','hsa04912'),('ENSG00000162104','hsa04912'),('ENSG00000164742','hsa04912'),('ENSG00000165059','hsa04912'),('ENSG00000169032','hsa04912'),('ENSG00000169885','hsa04912'),('ENSG00000173175','hsa04912'),('ENSG00000174233','hsa04912'),('ENSG00000174775','hsa04912'),('ENSG00000177606','hsa04912'),('ENSG00000177885','hsa04912'),('ENSG00000178363','hsa04912'),('ENSG00000182621','hsa04912'),('ENSG00000197122','hsa04912'),('ENSG00000198668','hsa04912'),('ENSG00000213281','hsa04912'),('ENSG00000017427','hsa04913'),('ENSG00000072062','hsa04913'),('ENSG00000087460','hsa04913'),('ENSG00000129467','hsa04913'),('ENSG00000140443','hsa04913'),('ENSG00000142875','hsa04913'),('ENSG00000162104','hsa04913'),('ENSG00000164742','hsa04913'),('ENSG00000165059','hsa04913'),('ENSG00000173175','hsa04913'),('ENSG00000174233','hsa04913'),('ENSG00000254647','hsa04913'),('ENSG00000017427','hsa04914'),('ENSG00000050748','hsa04914'),('ENSG00000065135','hsa04914'),('ENSG00000072062','hsa04914'),('ENSG00000078061','hsa04914'),('ENSG00000107643','hsa04914'),('ENSG00000109339','hsa04914'),('ENSG00000114353','hsa04914'),('ENSG00000127955','hsa04914'),('ENSG00000129467','hsa04914'),('ENSG00000132155','hsa04914'),('ENSG00000133703','hsa04914'),('ENSG00000140443','hsa04914'),('ENSG00000142875','hsa04914'),('ENSG00000157764','hsa04914'),('ENSG00000162104','hsa04914'),('ENSG00000164742','hsa04914'),('ENSG00000165059','hsa04914'),('ENSG00000169032','hsa04914'),('ENSG00000173175','hsa04914'),('ENSG00000174233','hsa04914'),('ENSG00000254647','hsa04914'),('ENSG00000060566','hsa04915'),('ENSG00000065135','hsa04915'),('ENSG00000072062','hsa04915'),('ENSG00000087460','hsa04915'),('ENSG00000100485','hsa04915'),('ENSG00000101333','hsa04915'),('ENSG00000107175','hsa04915'),('ENSG00000114353','hsa04915'),('ENSG00000115904','hsa04915'),('ENSG00000118260','hsa04915'),('ENSG00000123104','hsa04915'),('ENSG00000126934','hsa04915'),('ENSG00000127955','hsa04915'),('ENSG00000129467','hsa04915'),('ENSG00000132155','hsa04915'),('ENSG00000133703','hsa04915'),('ENSG00000137841','hsa04915'),('ENSG00000142875','hsa04915'),('ENSG00000146592','hsa04915'),('ENSG00000146648','hsa04915'),('ENSG00000150995','hsa04915'),('ENSG00000156052','hsa04915'),('ENSG00000157613','hsa04915'),('ENSG00000162104','hsa04915'),('ENSG00000164742','hsa04915'),('ENSG00000165059','hsa04915'),('ENSG00000169032','hsa04915'),('ENSG00000169885','hsa04915'),('ENSG00000170345','hsa04915'),('ENSG00000171791','hsa04915'),('ENSG00000173175','hsa04915'),('ENSG00000174233','hsa04915'),('ENSG00000174775','hsa04915'),('ENSG00000177606','hsa04915'),('ENSG00000177885','hsa04915'),('ENSG00000178363','hsa04915'),('ENSG00000182158','hsa04915'),('ENSG00000182621','hsa04915'),('ENSG00000197122','hsa04915'),('ENSG00000198668','hsa04915'),('ENSG00000213281','hsa04915'),('ENSG00000060566','hsa04916'),('ENSG00000065135','hsa04916'),('ENSG00000072062','hsa04916'),('ENSG00000082701','hsa04916'),('ENSG00000087460','hsa04916'),('ENSG00000101333','hsa04916'),('ENSG00000107175','hsa04916'),('ENSG00000114353','hsa04916'),('ENSG00000118260','hsa04916'),('ENSG00000126934','hsa04916'),('ENSG00000127955','hsa04916'),('ENSG00000129467','hsa04916'),('ENSG00000132155','hsa04916'),('ENSG00000133703','hsa04916'),('ENSG00000137841','hsa04916'),('ENSG00000142875','hsa04916'),('ENSG00000148660','hsa04916'),('ENSG00000154229','hsa04916'),('ENSG00000156052','hsa04916'),('ENSG00000157613','hsa04916'),('ENSG00000162104','hsa04916'),('ENSG00000164742','hsa04916'),('ENSG00000165059','hsa04916'),('ENSG00000168036','hsa04916'),('ENSG00000169032','hsa04916'),('ENSG00000169885','hsa04916'),('ENSG00000173175','hsa04916'),('ENSG00000174233','hsa04916'),('ENSG00000174775','hsa04916'),('ENSG00000178363','hsa04916'),('ENSG00000182158','hsa04916'),('ENSG00000182621','hsa04916'),('ENSG00000198668','hsa04916'),('ENSG00000213281','hsa04916'),('ENSG00000050748','hsa04917'),('ENSG00000082701','hsa04917'),('ENSG00000100485','hsa04917'),('ENSG00000107643','hsa04917'),('ENSG00000109320','hsa04917'),('ENSG00000109339','hsa04917'),('ENSG00000110092','hsa04917'),('ENSG00000115904','hsa04917'),('ENSG00000126934','hsa04917'),('ENSG00000132155','hsa04917'),('ENSG00000133703','hsa04917'),('ENSG00000168610','hsa04917'),('ENSG00000169032','hsa04917'),('ENSG00000170345','hsa04917'),('ENSG00000173039','hsa04917'),('ENSG00000174775','hsa04917'),('ENSG00000177885','hsa04917'),('ENSG00000197122','hsa04917'),('ENSG00000213281','hsa04917'),('ENSG00000254647','hsa04917'),('ENSG00000060566','hsa04918'),('ENSG00000072062','hsa04918'),('ENSG00000087460','hsa04918'),('ENSG00000101333','hsa04918'),('ENSG00000107175','hsa04918'),('ENSG00000118260','hsa04918'),('ENSG00000123104','hsa04918'),('ENSG00000129467','hsa04918'),('ENSG00000137841','hsa04918'),('ENSG00000142875','hsa04918'),('ENSG00000146592','hsa04918'),('ENSG00000150995','hsa04918'),('ENSG00000154229','hsa04918'),('ENSG00000156052','hsa04918'),('ENSG00000157613','hsa04918'),('ENSG00000162104','hsa04918'),('ENSG00000164742','hsa04918'),('ENSG00000165059','hsa04918'),('ENSG00000173175','hsa04918'),('ENSG00000174233','hsa04918'),('ENSG00000182158','hsa04918'),('ENSG00000182621','hsa04918'),('ENSG00000002330','hsa04919'),('ENSG00000072062','hsa04919'),('ENSG00000075624','hsa04919'),('ENSG00000082701','hsa04919'),('ENSG00000101333','hsa04919'),('ENSG00000110092','hsa04919'),('ENSG00000126934','hsa04919'),('ENSG00000132155','hsa04919'),('ENSG00000132906','hsa04919'),('ENSG00000133703','hsa04919'),('ENSG00000136997','hsa04919'),('ENSG00000137841','hsa04919'),('ENSG00000142875','hsa04919'),('ENSG00000154229','hsa04919'),('ENSG00000165059','hsa04919'),('ENSG00000168036','hsa04919'),('ENSG00000169032','hsa04919'),('ENSG00000174775','hsa04919'),('ENSG00000182621','hsa04919'),('ENSG00000184009','hsa04919'),('ENSG00000197122','hsa04919'),('ENSG00000197943','hsa04919'),('ENSG00000198793','hsa04919'),('ENSG00000213281','hsa04919'),('ENSG00000050748','hsa04920'),('ENSG00000100906','hsa04920'),('ENSG00000104365','hsa04920'),('ENSG00000107643','hsa04920'),('ENSG00000109320','hsa04920'),('ENSG00000109339','hsa04920'),('ENSG00000168610','hsa04920'),('ENSG00000173039','hsa04920'),('ENSG00000198793','hsa04920'),('ENSG00000213341','hsa04920'),('ENSG00000269335','hsa04920'),('ENSG00000065135','hsa04921'),('ENSG00000067560','hsa04921'),('ENSG00000072062','hsa04921'),('ENSG00000075624','hsa04921'),('ENSG00000087460','hsa04921'),('ENSG00000101333','hsa04921'),('ENSG00000107758','hsa04921'),('ENSG00000110092','hsa04921'),('ENSG00000114353','hsa04921'),('ENSG00000120910','hsa04921'),('ENSG00000123104','hsa04921'),('ENSG00000124762','hsa04921'),('ENSG00000126934','hsa04921'),('ENSG00000127955','hsa04921'),('ENSG00000129467','hsa04921'),('ENSG00000132155','hsa04921'),('ENSG00000133703','hsa04921'),('ENSG00000137841','hsa04921'),('ENSG00000142875','hsa04921'),('ENSG00000146648','hsa04921'),('ENSG00000148660','hsa04921'),('ENSG00000150995','hsa04921'),('ENSG00000151067','hsa04921'),('ENSG00000154229','hsa04921'),('ENSG00000156052','hsa04921'),('ENSG00000157388','hsa04921'),('ENSG00000162104','hsa04921'),('ENSG00000164742','hsa04921'),('ENSG00000165059','hsa04921'),('ENSG00000169032','hsa04921'),('ENSG00000169885','hsa04921'),('ENSG00000170345','hsa04921'),('ENSG00000173175','hsa04921'),('ENSG00000174233','hsa04921'),('ENSG00000174775','hsa04921'),('ENSG00000177606','hsa04921'),('ENSG00000178363','hsa04921'),('ENSG00000182621','hsa04921'),('ENSG00000184009','hsa04921'),('ENSG00000197122','hsa04921'),('ENSG00000198668','hsa04921'),('ENSG00000213281','hsa04921'),('ENSG00000060566','hsa04922'),('ENSG00000072062','hsa04922'),('ENSG00000087460','hsa04922'),('ENSG00000101333','hsa04922'),('ENSG00000107175','hsa04922'),('ENSG00000107758','hsa04922'),('ENSG00000118260','hsa04922'),('ENSG00000120910','hsa04922'),('ENSG00000123104','hsa04922'),('ENSG00000137841','hsa04922'),('ENSG00000142875','hsa04922'),('ENSG00000146592','hsa04922'),('ENSG00000148660','hsa04922'),('ENSG00000150995','hsa04922'),('ENSG00000156052','hsa04922'),('ENSG00000157613','hsa04922'),('ENSG00000165059','hsa04922'),('ENSG00000169885','hsa04922'),('ENSG00000178363','hsa04922'),('ENSG00000182158','hsa04922'),('ENSG00000182621','hsa04922'),('ENSG00000198668','hsa04922'),('ENSG00000065135','hsa04923'),('ENSG00000072062','hsa04923'),('ENSG00000087460','hsa04923'),('ENSG00000114353','hsa04923'),('ENSG00000127955','hsa04923'),('ENSG00000129467','hsa04923'),('ENSG00000142875','hsa04923'),('ENSG00000162104','hsa04923'),('ENSG00000164742','hsa04923'),('ENSG00000165059','hsa04923'),('ENSG00000173175','hsa04923'),('ENSG00000174233','hsa04923'),('ENSG00000254647','hsa04923'),('ENSG00000065135','hsa04924'),('ENSG00000072062','hsa04924'),('ENSG00000087460','hsa04924'),('ENSG00000101333','hsa04924'),('ENSG00000107758','hsa04924'),('ENSG00000114353','hsa04924'),('ENSG00000118260','hsa04924'),('ENSG00000120910','hsa04924'),('ENSG00000123104','hsa04924'),('ENSG00000127955','hsa04924'),('ENSG00000137841','hsa04924'),('ENSG00000142875','hsa04924'),('ENSG00000150995','hsa04924'),('ENSG00000151067','hsa04924'),('ENSG00000156052','hsa04924'),('ENSG00000157388','hsa04924'),('ENSG00000165059','hsa04924'),('ENSG00000169885','hsa04924'),('ENSG00000173175','hsa04924'),('ENSG00000174233','hsa04924'),('ENSG00000178363','hsa04924'),('ENSG00000182621','hsa04924'),('ENSG00000198668','hsa04924'),('ENSG00000060566','hsa04925'),('ENSG00000072062','hsa04925'),('ENSG00000087460','hsa04925'),('ENSG00000101333','hsa04925'),('ENSG00000107175','hsa04925'),('ENSG00000118260','hsa04925'),('ENSG00000123104','hsa04925'),('ENSG00000129467','hsa04925'),('ENSG00000137841','hsa04925'),('ENSG00000142875','hsa04925'),('ENSG00000146592','hsa04925'),('ENSG00000148660','hsa04925'),('ENSG00000150995','hsa04925'),('ENSG00000151067','hsa04925'),('ENSG00000154229','hsa04925'),('ENSG00000156052','hsa04925'),('ENSG00000157388','hsa04925'),('ENSG00000157613','hsa04925'),('ENSG00000162104','hsa04925'),('ENSG00000164742','hsa04925'),('ENSG00000165059','hsa04925'),('ENSG00000169885','hsa04925'),('ENSG00000173175','hsa04925'),('ENSG00000174233','hsa04925'),('ENSG00000178363','hsa04925'),('ENSG00000182158','hsa04925'),('ENSG00000182621','hsa04925'),('ENSG00000198668','hsa04925'),('ENSG00000050748','hsa04926'),('ENSG00000060566','hsa04926'),('ENSG00000065135','hsa04926'),('ENSG00000072062','hsa04926'),('ENSG00000087460','hsa04926'),('ENSG00000100485','hsa04926'),('ENSG00000100906','hsa04926'),('ENSG00000101333','hsa04926'),('ENSG00000105329','hsa04926'),('ENSG00000107175','hsa04926'),('ENSG00000107643','hsa04926'),('ENSG00000109320','hsa04926'),('ENSG00000109339','hsa04926'),('ENSG00000114353','hsa04926'),('ENSG00000115904','hsa04926'),('ENSG00000118260','hsa04926'),('ENSG00000126934','hsa04926'),('ENSG00000127955','hsa04926'),('ENSG00000129467','hsa04926'),('ENSG00000132155','hsa04926'),('ENSG00000133703','hsa04926'),('ENSG00000137841','hsa04926'),('ENSG00000142875','hsa04926'),('ENSG00000146592','hsa04926'),('ENSG00000146648','hsa04926'),('ENSG00000154229','hsa04926'),('ENSG00000157613','hsa04926'),('ENSG00000162104','hsa04926'),('ENSG00000164742','hsa04926'),('ENSG00000165059','hsa04926'),('ENSG00000169032','hsa04926'),('ENSG00000170345','hsa04926'),('ENSG00000173039','hsa04926'),('ENSG00000173175','hsa04926'),('ENSG00000174233','hsa04926'),('ENSG00000174775','hsa04926'),('ENSG00000177606','hsa04926'),('ENSG00000177885','hsa04926'),('ENSG00000182158','hsa04926'),('ENSG00000182621','hsa04926'),('ENSG00000197122','hsa04926'),('ENSG00000213281','hsa04926'),('ENSG00000060566','hsa04927'),('ENSG00000072062','hsa04927'),('ENSG00000087460','hsa04927'),('ENSG00000101333','hsa04927'),('ENSG00000107175','hsa04927'),('ENSG00000118260','hsa04927'),('ENSG00000123104','hsa04927'),('ENSG00000129467','hsa04927'),('ENSG00000137841','hsa04927'),('ENSG00000142875','hsa04927'),('ENSG00000146592','hsa04927'),('ENSG00000150995','hsa04927'),('ENSG00000151067','hsa04927'),('ENSG00000156052','hsa04927'),('ENSG00000157388','hsa04927'),('ENSG00000157613','hsa04927'),('ENSG00000162104','hsa04927'),('ENSG00000164742','hsa04927'),('ENSG00000165059','hsa04927'),('ENSG00000173175','hsa04927'),('ENSG00000174233','hsa04927'),('ENSG00000182158','hsa04927'),('ENSG00000182621','hsa04927'),('ENSG00000060566','hsa04928'),('ENSG00000065135','hsa04928'),('ENSG00000067560','hsa04928'),('ENSG00000072062','hsa04928'),('ENSG00000078061','hsa04928'),('ENSG00000087460','hsa04928'),('ENSG00000101333','hsa04928'),('ENSG00000107175','hsa04928'),('ENSG00000114353','hsa04928'),('ENSG00000118260','hsa04928'),('ENSG00000123104','hsa04928'),('ENSG00000124762','hsa04928'),('ENSG00000127955','hsa04928'),('ENSG00000129467','hsa04928'),('ENSG00000132155','hsa04928'),('ENSG00000137841','hsa04928'),('ENSG00000142875','hsa04928'),('ENSG00000146592','hsa04928'),('ENSG00000146648','hsa04928'),('ENSG00000150995','hsa04928'),('ENSG00000154229','hsa04928'),('ENSG00000156052','hsa04928'),('ENSG00000157613','hsa04928'),('ENSG00000157764','hsa04928'),('ENSG00000162104','hsa04928'),('ENSG00000164742','hsa04928'),('ENSG00000165059','hsa04928'),('ENSG00000169032','hsa04928'),('ENSG00000170345','hsa04928'),('ENSG00000171791','hsa04928'),('ENSG00000173175','hsa04928'),('ENSG00000174233','hsa04928'),('ENSG00000182158','hsa04928'),('ENSG00000182621','hsa04928'),('ENSG00000050748','hsa04930'),('ENSG00000104365','hsa04930'),('ENSG00000107643','hsa04930'),('ENSG00000109339','hsa04930'),('ENSG00000151067','hsa04930'),('ENSG00000157388','hsa04930'),('ENSG00000198793','hsa04930'),('ENSG00000254647','hsa04930'),('ENSG00000050748','hsa04931'),('ENSG00000060566','hsa04931'),('ENSG00000082701','hsa04931'),('ENSG00000100906','hsa04931'),('ENSG00000104365','hsa04931'),('ENSG00000107175','hsa04931'),('ENSG00000107643','hsa04931'),('ENSG00000109320','hsa04931'),('ENSG00000109339','hsa04931'),('ENSG00000118260','hsa04931'),('ENSG00000136244','hsa04931'),('ENSG00000146592','hsa04931'),('ENSG00000157613','hsa04931'),('ENSG00000168610','hsa04931'),('ENSG00000173039','hsa04931'),('ENSG00000182158','hsa04931'),('ENSG00000198793','hsa04931'),('ENSG00000254647','hsa04931'),('ENSG00000026103','hsa04932'),('ENSG00000050748','hsa04932'),('ENSG00000064012','hsa04932'),('ENSG00000070831','hsa04932'),('ENSG00000082701','hsa04932'),('ENSG00000087088','hsa04932'),('ENSG00000104365','hsa04932'),('ENSG00000105329','hsa04932'),('ENSG00000107643','hsa04932'),('ENSG00000109320','hsa04932'),('ENSG00000109339','hsa04932'),('ENSG00000125538','hsa04932'),('ENSG00000136238','hsa04932'),('ENSG00000136244','hsa04932'),('ENSG00000164305','hsa04932'),('ENSG00000169429','hsa04932'),('ENSG00000173039','hsa04932'),('ENSG00000177606','hsa04932'),('ENSG00000254647','hsa04932'),('ENSG00000050748','hsa04933'),('ENSG00000070831','hsa04933'),('ENSG00000087088','hsa04933'),('ENSG00000092969','hsa04933'),('ENSG00000101333','hsa04933'),('ENSG00000105329','hsa04933'),('ENSG00000107643','hsa04933'),('ENSG00000109320','hsa04933'),('ENSG00000109339','hsa04933'),('ENSG00000110092','hsa04933'),('ENSG00000125538','hsa04933'),('ENSG00000133703','hsa04933'),('ENSG00000135446','hsa04933'),('ENSG00000136238','hsa04933'),('ENSG00000136244','hsa04933'),('ENSG00000137841','hsa04933'),('ENSG00000154229','hsa04933'),('ENSG00000164305','hsa04933'),('ENSG00000168610','hsa04933'),('ENSG00000169429','hsa04933'),('ENSG00000171791','hsa04933'),('ENSG00000173039','hsa04933'),('ENSG00000174775','hsa04933'),('ENSG00000177606','hsa04933'),('ENSG00000182621','hsa04933'),('ENSG00000197943','hsa04933'),('ENSG00000213281','hsa04933'),('ENSG00000060566','hsa04934'),('ENSG00000065135','hsa04934'),('ENSG00000072062','hsa04934'),('ENSG00000082701','hsa04934'),('ENSG00000087460','hsa04934'),('ENSG00000101333','hsa04934'),('ENSG00000107175','hsa04934'),('ENSG00000110092','hsa04934'),('ENSG00000114353','hsa04934'),('ENSG00000118260','hsa04934'),('ENSG00000123104','hsa04934'),('ENSG00000124762','hsa04934'),('ENSG00000126934','hsa04934'),('ENSG00000127955','hsa04934'),('ENSG00000129467','hsa04934'),('ENSG00000135446','hsa04934'),('ENSG00000137841','hsa04934'),('ENSG00000142875','hsa04934'),('ENSG00000146592','hsa04934'),('ENSG00000146648','hsa04934'),('ENSG00000148660','hsa04934'),('ENSG00000150995','hsa04934'),('ENSG00000151067','hsa04934'),('ENSG00000156052','hsa04934'),('ENSG00000157388','hsa04934'),('ENSG00000157613','hsa04934'),('ENSG00000157764','hsa04934'),('ENSG00000162104','hsa04934'),('ENSG00000164742','hsa04934'),('ENSG00000165059','hsa04934'),('ENSG00000168036','hsa04934'),('ENSG00000169032','hsa04934'),('ENSG00000173175','hsa04934'),('ENSG00000174233','hsa04934'),('ENSG00000182158','hsa04934'),('ENSG00000182621','hsa04934'),('ENSG00000026103','hsa04940'),('ENSG00000111537','hsa04940'),('ENSG00000125538','hsa04940'),('ENSG00000254647','hsa04940'),('ENSG00000254647','hsa04950'),('ENSG00000017427','hsa04960'),('ENSG00000133703','hsa04960'),('ENSG00000154229','hsa04960'),('ENSG00000254647','hsa04960'),('ENSG00000072062','hsa04961'),('ENSG00000087460','hsa04961'),('ENSG00000101333','hsa04961'),('ENSG00000137841','hsa04961'),('ENSG00000142875','hsa04961'),('ENSG00000154229','hsa04961'),('ENSG00000156052','hsa04961'),('ENSG00000162104','hsa04961'),('ENSG00000165059','hsa04961'),('ENSG00000174233','hsa04961'),('ENSG00000182621','hsa04961'),('ENSG00000060566','hsa04962'),('ENSG00000072062','hsa04962'),('ENSG00000087460','hsa04962'),('ENSG00000107175','hsa04962'),('ENSG00000118260','hsa04962'),('ENSG00000142875','hsa04962'),('ENSG00000146592','hsa04962'),('ENSG00000157613','hsa04962'),('ENSG00000162104','hsa04962'),('ENSG00000165059','hsa04962'),('ENSG00000174233','hsa04962'),('ENSG00000182158','hsa04962'),('ENSG00000072062','hsa04970'),('ENSG00000087460','hsa04970'),('ENSG00000101333','hsa04970'),('ENSG00000123104','hsa04970'),('ENSG00000129467','hsa04970'),('ENSG00000137841','hsa04970'),('ENSG00000142875','hsa04970'),('ENSG00000150995','hsa04970'),('ENSG00000154229','hsa04970'),('ENSG00000156052','hsa04970'),('ENSG00000162104','hsa04970'),('ENSG00000164742','hsa04970'),('ENSG00000165059','hsa04970'),('ENSG00000169885','hsa04970'),('ENSG00000173175','hsa04970'),('ENSG00000174233','hsa04970'),('ENSG00000178363','hsa04970'),('ENSG00000182621','hsa04970'),('ENSG00000198668','hsa04970'),('ENSG00000065135','hsa04971'),('ENSG00000072062','hsa04971'),('ENSG00000075624','hsa04971'),('ENSG00000087460','hsa04971'),('ENSG00000101333','hsa04971'),('ENSG00000114353','hsa04971'),('ENSG00000123104','hsa04971'),('ENSG00000127955','hsa04971'),('ENSG00000129467','hsa04971'),('ENSG00000137841','hsa04971'),('ENSG00000142875','hsa04971'),('ENSG00000148660','hsa04971'),('ENSG00000150995','hsa04971'),('ENSG00000154229','hsa04971'),('ENSG00000156052','hsa04971'),('ENSG00000162104','hsa04971'),('ENSG00000164742','hsa04971'),('ENSG00000165059','hsa04971'),('ENSG00000169885','hsa04971'),('ENSG00000173175','hsa04971'),('ENSG00000174233','hsa04971'),('ENSG00000178363','hsa04971'),('ENSG00000182621','hsa04971'),('ENSG00000198668','hsa04971'),('ENSG00000067560','hsa04972'),('ENSG00000087460','hsa04972'),('ENSG00000101333','hsa04972'),('ENSG00000123104','hsa04972'),('ENSG00000129467','hsa04972'),('ENSG00000136238','hsa04972'),('ENSG00000137841','hsa04972'),('ENSG00000150995','hsa04972'),('ENSG00000154229','hsa04972'),('ENSG00000156052','hsa04972'),('ENSG00000162104','hsa04972'),('ENSG00000164742','hsa04972'),('ENSG00000173175','hsa04972'),('ENSG00000174233','hsa04972'),('ENSG00000182621','hsa04972'),('ENSG00000137841','hsa04973'),('ENSG00000157388','hsa04973'),('ENSG00000072062','hsa04976'),('ENSG00000087460','hsa04976'),('ENSG00000129467','hsa04976'),('ENSG00000142875','hsa04976'),('ENSG00000162104','hsa04976'),('ENSG00000164742','hsa04976'),('ENSG00000165059','hsa04976'),('ENSG00000173175','hsa04976'),('ENSG00000174233','hsa04976'),('ENSG00000002330','hsa05010'),('ENSG00000026103','hsa05010'),('ENSG00000064012','hsa05010'),('ENSG00000082701','hsa05010'),('ENSG00000101333','hsa05010'),('ENSG00000107758','hsa05010'),('ENSG00000120910','hsa05010'),('ENSG00000123104','hsa05010'),('ENSG00000125538','hsa05010'),('ENSG00000132906','hsa05010'),('ENSG00000137841','hsa05010'),('ENSG00000150995','hsa05010'),('ENSG00000151067','hsa05010'),('ENSG00000156052','hsa05010'),('ENSG00000157388','hsa05010'),('ENSG00000164305','hsa05010'),('ENSG00000169885','hsa05010'),('ENSG00000178363','hsa05010'),('ENSG00000182621','hsa05010'),('ENSG00000198668','hsa05010'),('ENSG00000065135','hsa05012'),('ENSG00000072062','hsa05012'),('ENSG00000114353','hsa05012'),('ENSG00000127955','hsa05012'),('ENSG00000132906','hsa05012'),('ENSG00000142875','hsa05012'),('ENSG00000164305','hsa05012'),('ENSG00000165059','hsa05012'),('ENSG00000173175','hsa05012'),('ENSG00000002330','hsa05014'),('ENSG00000087088','hsa05014'),('ENSG00000107758','hsa05014'),('ENSG00000120910','hsa05014'),('ENSG00000132906','hsa05014'),('ENSG00000136238','hsa05014'),('ENSG00000164305','hsa05014'),('ENSG00000171791','hsa05014'),('ENSG00000060566','hsa05016'),('ENSG00000064012','hsa05016'),('ENSG00000087088','hsa05016'),('ENSG00000101333','hsa05016'),('ENSG00000107175','hsa05016'),('ENSG00000118260','hsa05016'),('ENSG00000132906','hsa05016'),('ENSG00000137841','hsa05016'),('ENSG00000146592','hsa05016'),('ENSG00000150995','hsa05016'),('ENSG00000156052','hsa05016'),('ENSG00000157613','hsa05016'),('ENSG00000164305','hsa05016'),('ENSG00000182158','hsa05016'),('ENSG00000182621','hsa05016'),('ENSG00000072062','hsa05020'),('ENSG00000087088','hsa05020'),('ENSG00000125538','hsa05020'),('ENSG00000126934','hsa05020'),('ENSG00000136244','hsa05020'),('ENSG00000142875','hsa05020'),('ENSG00000165059','hsa05020'),('ENSG00000169032','hsa05020'),('ENSG00000060566','hsa05030'),('ENSG00000065135','hsa05030'),('ENSG00000072062','hsa05030'),('ENSG00000087460','hsa05030'),('ENSG00000107175','hsa05030'),('ENSG00000109320','hsa05030'),('ENSG00000114353','hsa05030'),('ENSG00000118260','hsa05030'),('ENSG00000127955','hsa05030'),('ENSG00000142875','hsa05030'),('ENSG00000146592','hsa05030'),('ENSG00000157613','hsa05030'),('ENSG00000165059','hsa05030'),('ENSG00000173039','hsa05030'),('ENSG00000173175','hsa05030'),('ENSG00000177606','hsa05030'),('ENSG00000182158','hsa05030'),('ENSG00000060566','hsa05031'),('ENSG00000072062','hsa05031'),('ENSG00000087460','hsa05031'),('ENSG00000107175','hsa05031'),('ENSG00000107758','hsa05031'),('ENSG00000118260','hsa05031'),('ENSG00000120910','hsa05031'),('ENSG00000142875','hsa05031'),('ENSG00000146592','hsa05031'),('ENSG00000148660','hsa05031'),('ENSG00000151067','hsa05031'),('ENSG00000154229','hsa05031'),('ENSG00000157388','hsa05031'),('ENSG00000157613','hsa05031'),('ENSG00000165059','hsa05031'),('ENSG00000169885','hsa05031'),('ENSG00000170345','hsa05031'),('ENSG00000173175','hsa05031'),('ENSG00000177606','hsa05031'),('ENSG00000178363','hsa05031'),('ENSG00000182158','hsa05031'),('ENSG00000198668','hsa05031'),('ENSG00000065135','hsa05032'),('ENSG00000072062','hsa05032'),('ENSG00000087460','hsa05032'),('ENSG00000114353','hsa05032'),('ENSG00000127955','hsa05032'),('ENSG00000129467','hsa05032'),('ENSG00000142875','hsa05032'),('ENSG00000154229','hsa05032'),('ENSG00000162104','hsa05032'),('ENSG00000164742','hsa05032'),('ENSG00000165059','hsa05032'),('ENSG00000173175','hsa05032'),('ENSG00000174233','hsa05032'),('ENSG00000060566','hsa05034'),('ENSG00000065135','hsa05034'),('ENSG00000072062','hsa05034'),('ENSG00000078061','hsa05034'),('ENSG00000087460','hsa05034'),('ENSG00000100485','hsa05034'),('ENSG00000107175','hsa05034'),('ENSG00000114353','hsa05034'),('ENSG00000115904','hsa05034'),('ENSG00000118260','hsa05034'),('ENSG00000127955','hsa05034'),('ENSG00000132155','hsa05034'),('ENSG00000133703','hsa05034'),('ENSG00000146592','hsa05034'),('ENSG00000157613','hsa05034'),('ENSG00000157764','hsa05034'),('ENSG00000169032','hsa05034'),('ENSG00000169885','hsa05034'),('ENSG00000173175','hsa05034'),('ENSG00000174775','hsa05034'),('ENSG00000177885','hsa05034'),('ENSG00000178363','hsa05034'),('ENSG00000182158','hsa05034'),('ENSG00000198668','hsa05034'),('ENSG00000213281','hsa05034'),('ENSG00000067560','hsa05100'),('ENSG00000070831','hsa05100'),('ENSG00000075624','hsa05100'),('ENSG00000136238','hsa05100'),('ENSG00000168036','hsa05100'),('ENSG00000184009','hsa05100'),('ENSG00000197122','hsa05100'),('ENSG00000072062','hsa05110'),('ENSG00000075624','hsa05110'),('ENSG00000087460','hsa05110'),('ENSG00000142875','hsa05110'),('ENSG00000154229','hsa05110'),('ENSG00000162104','hsa05110'),('ENSG00000165059','hsa05110'),('ENSG00000184009','hsa05110'),('ENSG00000197943','hsa05110'),('ENSG00000050748','hsa05120'),('ENSG00000070831','hsa05120'),('ENSG00000100906','hsa05120'),('ENSG00000104365','hsa05120'),('ENSG00000107643','hsa05120'),('ENSG00000109320','hsa05120'),('ENSG00000109339','hsa05120'),('ENSG00000136238','hsa05120'),('ENSG00000146648','hsa05120'),('ENSG00000164305','hsa05120'),('ENSG00000169429','hsa05120'),('ENSG00000173039','hsa05120'),('ENSG00000177606','hsa05120'),('ENSG00000197122','hsa05120'),('ENSG00000197943','hsa05120'),('ENSG00000213341','hsa05120'),('ENSG00000269335','hsa05120'),('ENSG00000067560','hsa05130'),('ENSG00000070831','hsa05130'),('ENSG00000075624','hsa05130'),('ENSG00000154229','hsa05130'),('ENSG00000168036','hsa05130'),('ENSG00000184009','hsa05130'),('ENSG00000050748','hsa05131'),('ENSG00000070831','hsa05131'),('ENSG00000075624','hsa05131'),('ENSG00000100906','hsa05131'),('ENSG00000104365','hsa05131'),('ENSG00000107643','hsa05131'),('ENSG00000109320','hsa05131'),('ENSG00000109339','hsa05131'),('ENSG00000136238','hsa05131'),('ENSG00000169429','hsa05131'),('ENSG00000173039','hsa05131'),('ENSG00000184009','hsa05131'),('ENSG00000197122','hsa05131'),('ENSG00000213341','hsa05131'),('ENSG00000269335','hsa05131'),('ENSG00000050748','hsa05132'),('ENSG00000070831','hsa05132'),('ENSG00000075624','hsa05132'),('ENSG00000107643','hsa05132'),('ENSG00000109320','hsa05132'),('ENSG00000109339','hsa05132'),('ENSG00000111537','hsa05132'),('ENSG00000125538','hsa05132'),('ENSG00000136238','hsa05132'),('ENSG00000136244','hsa05132'),('ENSG00000169429','hsa05132'),('ENSG00000170345','hsa05132'),('ENSG00000173039','hsa05132'),('ENSG00000177606','hsa05132'),('ENSG00000184009','hsa05132'),('ENSG00000050748','hsa05133'),('ENSG00000065135','hsa05133'),('ENSG00000067560','hsa05133'),('ENSG00000107643','hsa05133'),('ENSG00000109320','hsa05133'),('ENSG00000109339','hsa05133'),('ENSG00000114353','hsa05133'),('ENSG00000125538','hsa05133'),('ENSG00000127955','hsa05133'),('ENSG00000136244','hsa05133'),('ENSG00000164305','hsa05133'),('ENSG00000169429','hsa05133'),('ENSG00000169885','hsa05133'),('ENSG00000170345','hsa05133'),('ENSG00000173039','hsa05133'),('ENSG00000177606','hsa05133'),('ENSG00000178363','hsa05133'),('ENSG00000198668','hsa05133'),('ENSG00000064012','hsa05134'),('ENSG00000100906','hsa05134'),('ENSG00000109320','hsa05134'),('ENSG00000125538','hsa05134'),('ENSG00000132906','hsa05134'),('ENSG00000136244','hsa05134'),('ENSG00000164305','hsa05134'),('ENSG00000169429','hsa05134'),('ENSG00000173039','hsa05134'),('ENSG00000092969','hsa05140'),('ENSG00000100906','hsa05140'),('ENSG00000105329','hsa05140'),('ENSG00000109320','hsa05140'),('ENSG00000111537','hsa05140'),('ENSG00000125538','hsa05140'),('ENSG00000170345','hsa05140'),('ENSG00000173039','hsa05140'),('ENSG00000177606','hsa05140'),('ENSG00000026103','hsa05142'),('ENSG00000050748','hsa05142'),('ENSG00000064012','hsa05142'),('ENSG00000065135','hsa05142'),('ENSG00000087460','hsa05142'),('ENSG00000092969','hsa05142'),('ENSG00000100906','hsa05142'),('ENSG00000101333','hsa05142'),('ENSG00000104365','hsa05142'),('ENSG00000105329','hsa05142'),('ENSG00000107643','hsa05142'),('ENSG00000109320','hsa05142'),('ENSG00000109339','hsa05142'),('ENSG00000111537','hsa05142'),('ENSG00000114353','hsa05142'),('ENSG00000125538','hsa05142'),('ENSG00000127955','hsa05142'),('ENSG00000136244','hsa05142'),('ENSG00000137841','hsa05142'),('ENSG00000156052','hsa05142'),('ENSG00000164742','hsa05142'),('ENSG00000169429','hsa05142'),('ENSG00000170345','hsa05142'),('ENSG00000173039','hsa05142'),('ENSG00000177606','hsa05142'),('ENSG00000182621','hsa05142'),('ENSG00000213341','hsa05142'),('ENSG00000269335','hsa05142'),('ENSG00000026103','hsa05143'),('ENSG00000101333','hsa05143'),('ENSG00000111537','hsa05143'),('ENSG00000125538','hsa05143'),('ENSG00000136244','hsa05143'),('ENSG00000137841','hsa05143'),('ENSG00000154229','hsa05143'),('ENSG00000156052','hsa05143'),('ENSG00000182621','hsa05143'),('ENSG00000092969','hsa05144'),('ENSG00000105329','hsa05144'),('ENSG00000111537','hsa05144'),('ENSG00000125538','hsa05144'),('ENSG00000136244','hsa05144'),('ENSG00000169429','hsa05144'),('ENSG00000002330','hsa05145'),('ENSG00000050748','hsa05145'),('ENSG00000064012','hsa05145'),('ENSG00000065135','hsa05145'),('ENSG00000092969','hsa05145'),('ENSG00000100906','hsa05145'),('ENSG00000104365','hsa05145'),('ENSG00000105329','hsa05145'),('ENSG00000107643','hsa05145'),('ENSG00000109320','hsa05145'),('ENSG00000109339','hsa05145'),('ENSG00000111537','hsa05145'),('ENSG00000114353','hsa05145'),('ENSG00000127955','hsa05145'),('ENSG00000132906','hsa05145'),('ENSG00000164305','hsa05145'),('ENSG00000168610','hsa05145'),('ENSG00000171791','hsa05145'),('ENSG00000173039','hsa05145'),('ENSG00000213341','hsa05145'),('ENSG00000269335','hsa05145'),('ENSG00000072062','hsa05146'),('ENSG00000087460','hsa05146'),('ENSG00000092969','hsa05146'),('ENSG00000101333','hsa05146'),('ENSG00000105329','hsa05146'),('ENSG00000109320','hsa05146'),('ENSG00000111537','hsa05146'),('ENSG00000125538','hsa05146'),('ENSG00000136244','hsa05146'),('ENSG00000137841','hsa05146'),('ENSG00000142875','hsa05146'),('ENSG00000154229','hsa05146'),('ENSG00000156052','hsa05146'),('ENSG00000164305','hsa05146'),('ENSG00000164742','hsa05146'),('ENSG00000165059','hsa05146'),('ENSG00000169429','hsa05146'),('ENSG00000173039','hsa05146'),('ENSG00000182621','hsa05146'),('ENSG00000002330','hsa05152'),('ENSG00000050748','hsa05152'),('ENSG00000064012','hsa05152'),('ENSG00000067560','hsa05152'),('ENSG00000087088','hsa05152'),('ENSG00000092969','hsa05152'),('ENSG00000105329','hsa05152'),('ENSG00000107643','hsa05152'),('ENSG00000107758','hsa05152'),('ENSG00000109320','hsa05152'),('ENSG00000109339','hsa05152'),('ENSG00000111537','hsa05152'),('ENSG00000118260','hsa05152'),('ENSG00000120910','hsa05152'),('ENSG00000125538','hsa05152'),('ENSG00000132155','hsa05152'),('ENSG00000132906','hsa05152'),('ENSG00000136244','hsa05152'),('ENSG00000148660','hsa05152'),('ENSG00000164305','hsa05152'),('ENSG00000169885','hsa05152'),('ENSG00000171791','hsa05152'),('ENSG00000173039','hsa05152'),('ENSG00000178363','hsa05152'),('ENSG00000197122','hsa05152'),('ENSG00000198668','hsa05152'),('ENSG00000002330','hsa05160'),('ENSG00000050748','hsa05160'),('ENSG00000078061','hsa05160'),('ENSG00000082701','hsa05160'),('ENSG00000100485','hsa05160'),('ENSG00000100906','hsa05160'),('ENSG00000104365','hsa05160'),('ENSG00000107643','hsa05160'),('ENSG00000109320','hsa05160'),('ENSG00000109339','hsa05160'),('ENSG00000115904','hsa05160'),('ENSG00000124762','hsa05160'),('ENSG00000132155','hsa05160'),('ENSG00000133703','hsa05160'),('ENSG00000138798','hsa05160'),('ENSG00000146648','hsa05160'),('ENSG00000157764','hsa05160'),('ENSG00000168610','hsa05160'),('ENSG00000169429','hsa05160'),('ENSG00000173039','hsa05160'),('ENSG00000174775','hsa05160'),('ENSG00000177885','hsa05160'),('ENSG00000213281','hsa05160'),('ENSG00000213341','hsa05160'),('ENSG00000269335','hsa05160'),('ENSG00000002330','hsa05161'),('ENSG00000026103','hsa05161'),('ENSG00000050748','hsa05161'),('ENSG00000060566','hsa05161'),('ENSG00000064012','hsa05161'),('ENSG00000087088','hsa05161'),('ENSG00000092969','hsa05161'),('ENSG00000100906','hsa05161'),('ENSG00000104365','hsa05161'),('ENSG00000105329','hsa05161'),('ENSG00000107175','hsa05161'),('ENSG00000107643','hsa05161'),('ENSG00000109320','hsa05161'),('ENSG00000109339','hsa05161'),('ENSG00000110092','hsa05161'),('ENSG00000118260','hsa05161'),('ENSG00000124762','hsa05161'),('ENSG00000126934','hsa05161'),('ENSG00000132155','hsa05161'),('ENSG00000132906','hsa05161'),('ENSG00000133703','hsa05161'),('ENSG00000135446','hsa05161'),('ENSG00000136244','hsa05161'),('ENSG00000136997','hsa05161'),('ENSG00000146592','hsa05161'),('ENSG00000154229','hsa05161'),('ENSG00000157613','hsa05161'),('ENSG00000164305','hsa05161'),('ENSG00000168610','hsa05161'),('ENSG00000169032','hsa05161'),('ENSG00000169429','hsa05161'),('ENSG00000170345','hsa05161'),('ENSG00000171791','hsa05161'),('ENSG00000173039','hsa05161'),('ENSG00000174775','hsa05161'),('ENSG00000177606','hsa05161'),('ENSG00000177885','hsa05161'),('ENSG00000182158','hsa05161'),('ENSG00000197122','hsa05161'),('ENSG00000213281','hsa05161'),('ENSG00000213341','hsa05161'),('ENSG00000269335','hsa05161'),('ENSG00000026103','hsa05162'),('ENSG00000082701','hsa05162'),('ENSG00000100906','hsa05162'),('ENSG00000109320','hsa05162'),('ENSG00000110092','hsa05162'),('ENSG00000111537','hsa05162'),('ENSG00000125538','hsa05162'),('ENSG00000135446','hsa05162'),('ENSG00000136244','hsa05162'),('ENSG00000168610','hsa05162'),('ENSG00000173039','hsa05162'),('ENSG00000213341','hsa05162'),('ENSG00000026103','hsa05163'),('ENSG00000060566','hsa05163'),('ENSG00000064012','hsa05163'),('ENSG00000065135','hsa05163'),('ENSG00000067560','hsa05163'),('ENSG00000072062','hsa05163'),('ENSG00000082701','hsa05163'),('ENSG00000087088','hsa05163'),('ENSG00000087460','hsa05163'),('ENSG00000100485','hsa05163'),('ENSG00000100906','hsa05163'),('ENSG00000101333','hsa05163'),('ENSG00000104365','hsa05163'),('ENSG00000107175','hsa05163'),('ENSG00000107758','hsa05163'),('ENSG00000109320','hsa05163'),('ENSG00000110092','hsa05163'),('ENSG00000114353','hsa05163'),('ENSG00000115904','hsa05163'),('ENSG00000118260','hsa05163'),('ENSG00000120910','hsa05163'),('ENSG00000123104','hsa05163'),('ENSG00000124762','hsa05163'),('ENSG00000125538','hsa05163'),('ENSG00000126934','hsa05163'),('ENSG00000127955','hsa05163'),('ENSG00000129467','hsa05163'),('ENSG00000132155','hsa05163'),('ENSG00000132906','hsa05163'),('ENSG00000133703','hsa05163'),('ENSG00000135446','hsa05163'),('ENSG00000136238','hsa05163'),('ENSG00000136244','hsa05163'),('ENSG00000136997','hsa05163'),('ENSG00000137841','hsa05163'),('ENSG00000142875','hsa05163'),('ENSG00000146592','hsa05163'),('ENSG00000146648','hsa05163'),('ENSG00000150995','hsa05163'),('ENSG00000154229','hsa05163'),('ENSG00000156052','hsa05163'),('ENSG00000157613','hsa05163'),('ENSG00000162104','hsa05163'),('ENSG00000164305','hsa05163'),('ENSG00000164742','hsa05163'),('ENSG00000165059','hsa05163'),('ENSG00000168036','hsa05163'),('ENSG00000168610','hsa05163'),('ENSG00000169032','hsa05163'),('ENSG00000169429','hsa05163'),('ENSG00000169885','hsa05163'),('ENSG00000173039','hsa05163'),('ENSG00000173175','hsa05163'),('ENSG00000174233','hsa05163'),('ENSG00000174775','hsa05163'),('ENSG00000177885','hsa05163'),('ENSG00000178363','hsa05163'),('ENSG00000182158','hsa05163'),('ENSG00000182621','hsa05163'),('ENSG00000197122','hsa05163'),('ENSG00000198668','hsa05163'),('ENSG00000198793','hsa05163'),('ENSG00000213281','hsa05163'),('ENSG00000213341','hsa05163'),('ENSG00000269335','hsa05163'),('ENSG00000026103','hsa05164'),('ENSG00000050748','hsa05164'),('ENSG00000075624','hsa05164'),('ENSG00000082701','hsa05164'),('ENSG00000100906','hsa05164'),('ENSG00000104365','hsa05164'),('ENSG00000107643','hsa05164'),('ENSG00000109320','hsa05164'),('ENSG00000109339','hsa05164'),('ENSG00000111537','hsa05164'),('ENSG00000125538','hsa05164'),('ENSG00000126934','hsa05164'),('ENSG00000132155','hsa05164'),('ENSG00000132906','hsa05164'),('ENSG00000136244','hsa05164'),('ENSG00000154229','hsa05164'),('ENSG00000169032','hsa05164'),('ENSG00000169429','hsa05164'),('ENSG00000173039','hsa05164'),('ENSG00000177606','hsa05164'),('ENSG00000184009','hsa05164'),('ENSG00000002330','hsa05165'),('ENSG00000026103','hsa05165'),('ENSG00000060566','hsa05165'),('ENSG00000064012','hsa05165'),('ENSG00000070831','hsa05165'),('ENSG00000072062','hsa05165'),('ENSG00000082701','hsa05165'),('ENSG00000087088','hsa05165'),('ENSG00000087460','hsa05165'),('ENSG00000100485','hsa05165'),('ENSG00000104365','hsa05165'),('ENSG00000107175','hsa05165'),('ENSG00000109320','hsa05165'),('ENSG00000110092','hsa05165'),('ENSG00000115904','hsa05165'),('ENSG00000118260','hsa05165'),('ENSG00000124762','hsa05165'),('ENSG00000126934','hsa05165'),('ENSG00000132155','hsa05165'),('ENSG00000133703','hsa05165'),('ENSG00000135446','hsa05165'),('ENSG00000138798','hsa05165'),('ENSG00000142875','hsa05165'),('ENSG00000146592','hsa05165'),('ENSG00000146648','hsa05165'),('ENSG00000157613','hsa05165'),('ENSG00000164305','hsa05165'),('ENSG00000165059','hsa05165'),('ENSG00000168036','hsa05165'),('ENSG00000169032','hsa05165'),('ENSG00000173039','hsa05165'),('ENSG00000174775','hsa05165'),('ENSG00000177885','hsa05165'),('ENSG00000182158','hsa05165'),('ENSG00000198793','hsa05165'),('ENSG00000213281','hsa05165'),('ENSG00000213341','hsa05165'),('ENSG00000269335','hsa05165'),('ENSG00000072062','hsa05166'),('ENSG00000082701','hsa05166'),('ENSG00000087088','hsa05166'),('ENSG00000092969','hsa05166'),('ENSG00000100906','hsa05166'),('ENSG00000104365','hsa05166'),('ENSG00000105329','hsa05166'),('ENSG00000107643','hsa05166'),('ENSG00000107758','hsa05166'),('ENSG00000109320','hsa05166'),('ENSG00000110092','hsa05166'),('ENSG00000118260','hsa05166'),('ENSG00000120910','hsa05166'),('ENSG00000124762','hsa05166'),('ENSG00000129467','hsa05166'),('ENSG00000133703','hsa05166'),('ENSG00000135446','hsa05166'),('ENSG00000136244','hsa05166'),('ENSG00000136997','hsa05166'),('ENSG00000142875','hsa05166'),('ENSG00000162104','hsa05166'),('ENSG00000164742','hsa05166'),('ENSG00000165059','hsa05166'),('ENSG00000168036','hsa05166'),('ENSG00000170345','hsa05166'),('ENSG00000173039','hsa05166'),('ENSG00000173175','hsa05166'),('ENSG00000174233','hsa05166'),('ENSG00000174775','hsa05166'),('ENSG00000177606','hsa05166'),('ENSG00000213281','hsa05166'),('ENSG00000213341','hsa05166'),('ENSG00000269335','hsa05166'),('ENSG00000026103','hsa05167'),('ENSG00000050748','hsa05167'),('ENSG00000064012','hsa05167'),('ENSG00000082701','hsa05167'),('ENSG00000087088','hsa05167'),('ENSG00000100906','hsa05167'),('ENSG00000104365','hsa05167'),('ENSG00000107643','hsa05167'),('ENSG00000107758','hsa05167'),('ENSG00000109320','hsa05167'),('ENSG00000109339','hsa05167'),('ENSG00000110092','hsa05167'),('ENSG00000118260','hsa05167'),('ENSG00000120910','hsa05167'),('ENSG00000123104','hsa05167'),('ENSG00000124762','hsa05167'),('ENSG00000126934','hsa05167'),('ENSG00000132155','hsa05167'),('ENSG00000132906','hsa05167'),('ENSG00000133703','hsa05167'),('ENSG00000135446','hsa05167'),('ENSG00000136238','hsa05167'),('ENSG00000136244','hsa05167'),('ENSG00000136997','hsa05167'),('ENSG00000150995','hsa05167'),('ENSG00000164305','hsa05167'),('ENSG00000168036','hsa05167'),('ENSG00000168610','hsa05167'),('ENSG00000169032','hsa05167'),('ENSG00000169429','hsa05167'),('ENSG00000169885','hsa05167'),('ENSG00000170345','hsa05167'),('ENSG00000173039','hsa05167'),('ENSG00000174775','hsa05167'),('ENSG00000177606','hsa05167'),('ENSG00000178363','hsa05167'),('ENSG00000197122','hsa05167'),('ENSG00000197943','hsa05167'),('ENSG00000198668','hsa05167'),('ENSG00000198793','hsa05167'),('ENSG00000213281','hsa05167'),('ENSG00000213341','hsa05167'),('ENSG00000269335','hsa05167'),('ENSG00000026103','hsa05168'),('ENSG00000050748','hsa05168'),('ENSG00000064012','hsa05168'),('ENSG00000100906','hsa05168'),('ENSG00000104365','hsa05168'),('ENSG00000107643','hsa05168'),('ENSG00000109320','hsa05168'),('ENSG00000109339','hsa05168'),('ENSG00000111537','hsa05168'),('ENSG00000125538','hsa05168'),('ENSG00000136244','hsa05168'),('ENSG00000164305','hsa05168'),('ENSG00000170345','hsa05168'),('ENSG00000173039','hsa05168'),('ENSG00000177606','hsa05168'),('ENSG00000213341','hsa05168'),('ENSG00000269335','hsa05168'),('ENSG00000026103','hsa05169'),('ENSG00000050748','hsa05169'),('ENSG00000064012','hsa05169'),('ENSG00000087088','hsa05169'),('ENSG00000100906','hsa05169'),('ENSG00000104365','hsa05169'),('ENSG00000107643','hsa05169'),('ENSG00000109320','hsa05169'),('ENSG00000109339','hsa05169'),('ENSG00000110092','hsa05169'),('ENSG00000124762','hsa05169'),('ENSG00000132906','hsa05169'),('ENSG00000135446','hsa05169'),('ENSG00000136238','hsa05169'),('ENSG00000136244','hsa05169'),('ENSG00000136997','hsa05169'),('ENSG00000164305','hsa05169'),('ENSG00000168610','hsa05169'),('ENSG00000171791','hsa05169'),('ENSG00000173039','hsa05169'),('ENSG00000177606','hsa05169'),('ENSG00000197943','hsa05169'),('ENSG00000213341','hsa05169'),('ENSG00000269335','hsa05169'),('ENSG00000002330','hsa05170'),('ENSG00000026103','hsa05170'),('ENSG00000050748','hsa05170'),('ENSG00000064012','hsa05170'),('ENSG00000065135','hsa05170'),('ENSG00000087088','hsa05170'),('ENSG00000100906','hsa05170'),('ENSG00000104365','hsa05170'),('ENSG00000107643','hsa05170'),('ENSG00000107758','hsa05170'),('ENSG00000109320','hsa05170'),('ENSG00000109339','hsa05170'),('ENSG00000114353','hsa05170'),('ENSG00000120910','hsa05170'),('ENSG00000123104','hsa05170'),('ENSG00000126934','hsa05170'),('ENSG00000127955','hsa05170'),('ENSG00000132155','hsa05170'),('ENSG00000132906','hsa05170'),('ENSG00000133703','hsa05170'),('ENSG00000136238','hsa05170'),('ENSG00000150995','hsa05170'),('ENSG00000154229','hsa05170'),('ENSG00000156052','hsa05170'),('ENSG00000164305','hsa05170'),('ENSG00000169032','hsa05170'),('ENSG00000169885','hsa05170'),('ENSG00000170345','hsa05170'),('ENSG00000171791','hsa05170'),('ENSG00000173039','hsa05170'),('ENSG00000174775','hsa05170'),('ENSG00000177606','hsa05170'),('ENSG00000178363','hsa05170'),('ENSG00000197943','hsa05170'),('ENSG00000198668','hsa05170'),('ENSG00000198793','hsa05170'),('ENSG00000213281','hsa05170'),('ENSG00000213341','hsa05170'),('ENSG00000269335','hsa05170'),('ENSG00000002330','hsa05200'),('ENSG00000017427','hsa05200'),('ENSG00000026103','hsa05200'),('ENSG00000050748','hsa05200'),('ENSG00000064012','hsa05200'),('ENSG00000065135','hsa05200'),('ENSG00000067560','hsa05200'),('ENSG00000070831','hsa05200'),('ENSG00000072062','hsa05200'),('ENSG00000078061','hsa05200'),('ENSG00000082701','hsa05200'),('ENSG00000087088','hsa05200'),('ENSG00000087460','hsa05200'),('ENSG00000092969','hsa05200'),('ENSG00000100485','hsa05200'),('ENSG00000100906','hsa05200'),('ENSG00000101333','hsa05200'),('ENSG00000104365','hsa05200'),('ENSG00000105329','hsa05200'),('ENSG00000107643','hsa05200'),('ENSG00000109320','hsa05200'),('ENSG00000109339','hsa05200'),('ENSG00000110092','hsa05200'),('ENSG00000111537','hsa05200'),('ENSG00000114353','hsa05200'),('ENSG00000115904','hsa05200'),('ENSG00000124762','hsa05200'),('ENSG00000126934','hsa05200'),('ENSG00000127955','hsa05200'),('ENSG00000129467','hsa05200'),('ENSG00000132155','hsa05200'),('ENSG00000132906','hsa05200'),('ENSG00000133703','hsa05200'),('ENSG00000135446','hsa05200'),('ENSG00000136238','hsa05200'),('ENSG00000136244','hsa05200'),('ENSG00000136997','hsa05200'),('ENSG00000137841','hsa05200'),('ENSG00000138798','hsa05200'),('ENSG00000140443','hsa05200'),('ENSG00000142875','hsa05200'),('ENSG00000146648','hsa05200'),('ENSG00000148660','hsa05200'),('ENSG00000154229','hsa05200'),('ENSG00000156052','hsa05200'),('ENSG00000157764','hsa05200'),('ENSG00000162104','hsa05200'),('ENSG00000164305','hsa05200'),('ENSG00000164742','hsa05200'),('ENSG00000165059','hsa05200'),('ENSG00000168036','hsa05200'),('ENSG00000168610','hsa05200'),('ENSG00000169032','hsa05200'),('ENSG00000169429','hsa05200'),('ENSG00000169885','hsa05200'),('ENSG00000170345','hsa05200'),('ENSG00000171791','hsa05200'),('ENSG00000173039','hsa05200'),('ENSG00000173175','hsa05200'),('ENSG00000174233','hsa05200'),('ENSG00000174775','hsa05200'),('ENSG00000177606','hsa05200'),('ENSG00000177885','hsa05200'),('ENSG00000178363','hsa05200'),('ENSG00000182621','hsa05200'),('ENSG00000197943','hsa05200'),('ENSG00000198668','hsa05200'),('ENSG00000198793','hsa05200'),('ENSG00000213281','hsa05200'),('ENSG00000213341','hsa05200'),('ENSG00000269335','hsa05200'),('ENSG00000017427','hsa05202'),('ENSG00000087088','hsa05202'),('ENSG00000109320','hsa05202'),('ENSG00000124762','hsa05202'),('ENSG00000136244','hsa05202'),('ENSG00000136997','hsa05202'),('ENSG00000140443','hsa05202'),('ENSG00000169429','hsa05202'),('ENSG00000173039','hsa05202'),('ENSG00000002330','hsa05203'),('ENSG00000060566','hsa05203'),('ENSG00000064012','hsa05203'),('ENSG00000067560','hsa05203'),('ENSG00000070831','hsa05203'),('ENSG00000072062','hsa05203'),('ENSG00000087088','hsa05203'),('ENSG00000100906','hsa05203'),('ENSG00000107175','hsa05203'),('ENSG00000109320','hsa05203'),('ENSG00000110092','hsa05203'),('ENSG00000118260','hsa05203'),('ENSG00000124762','hsa05203'),('ENSG00000133703','hsa05203'),('ENSG00000135446','hsa05203'),('ENSG00000136238','hsa05203'),('ENSG00000142875','hsa05203'),('ENSG00000146592','hsa05203'),('ENSG00000157613','hsa05203'),('ENSG00000164305','hsa05203'),('ENSG00000165059','hsa05203'),('ENSG00000168610','hsa05203'),('ENSG00000173039','hsa05203'),('ENSG00000174775','hsa05203'),('ENSG00000177606','hsa05203'),('ENSG00000177885','hsa05203'),('ENSG00000182158','hsa05203'),('ENSG00000197122','hsa05203'),('ENSG00000213281','hsa05203'),('ENSG00000269335','hsa05203'),('ENSG00000017427','hsa05205'),('ENSG00000026103','hsa05205'),('ENSG00000067560','hsa05205'),('ENSG00000070831','hsa05205'),('ENSG00000072062','hsa05205'),('ENSG00000075624','hsa05205'),('ENSG00000078061','hsa05205'),('ENSG00000092969','hsa05205'),('ENSG00000100485','hsa05205'),('ENSG00000105329','hsa05205'),('ENSG00000110092','hsa05205'),('ENSG00000115904','hsa05205'),('ENSG00000123104','hsa05205'),('ENSG00000124762','hsa05205'),('ENSG00000126934','hsa05205'),('ENSG00000132155','hsa05205'),('ENSG00000133703','hsa05205'),('ENSG00000136238','hsa05205'),('ENSG00000136997','hsa05205'),('ENSG00000140443','hsa05205'),('ENSG00000142875','hsa05205'),('ENSG00000146648','hsa05205'),('ENSG00000148660','hsa05205'),('ENSG00000150995','hsa05205'),('ENSG00000154229','hsa05205'),('ENSG00000157764','hsa05205'),('ENSG00000164305','hsa05205'),('ENSG00000165059','hsa05205'),('ENSG00000168036','hsa05205'),('ENSG00000168610','hsa05205'),('ENSG00000169032','hsa05205'),('ENSG00000174775','hsa05205'),('ENSG00000177885','hsa05205'),('ENSG00000184009','hsa05205'),('ENSG00000197122','hsa05205'),('ENSG00000197943','hsa05205'),('ENSG00000198793','hsa05205'),('ENSG00000213281','hsa05205'),('ENSG00000067560','hsa05206'),('ENSG00000092969','hsa05206'),('ENSG00000100485','hsa05206'),('ENSG00000104365','hsa05206'),('ENSG00000109320','hsa05206'),('ENSG00000110092','hsa05206'),('ENSG00000115904','hsa05206'),('ENSG00000124762','hsa05206'),('ENSG00000126934','hsa05206'),('ENSG00000132155','hsa05206'),('ENSG00000133703','hsa05206'),('ENSG00000136997','hsa05206'),('ENSG00000146648','hsa05206'),('ENSG00000154229','hsa05206'),('ENSG00000164305','hsa05206'),('ENSG00000168610','hsa05206'),('ENSG00000169032','hsa05206'),('ENSG00000171791','hsa05206'),('ENSG00000174775','hsa05206'),('ENSG00000177885','hsa05206'),('ENSG00000197943','hsa05206'),('ENSG00000198793','hsa05206'),('ENSG00000213281','hsa05206'),('ENSG00000002330','hsa05210'),('ENSG00000050748','hsa05210'),('ENSG00000067560','hsa05210'),('ENSG00000078061','hsa05210'),('ENSG00000082701','hsa05210'),('ENSG00000087088','hsa05210'),('ENSG00000092969','hsa05210'),('ENSG00000100485','hsa05210'),('ENSG00000105329','hsa05210'),('ENSG00000107643','hsa05210'),('ENSG00000109339','hsa05210'),('ENSG00000110092','hsa05210'),('ENSG00000115904','hsa05210'),('ENSG00000124762','hsa05210'),('ENSG00000126934','hsa05210'),('ENSG00000132155','hsa05210'),('ENSG00000132906','hsa05210'),('ENSG00000133703','hsa05210'),('ENSG00000136238','hsa05210'),('ENSG00000136997','hsa05210'),('ENSG00000138798','hsa05210'),('ENSG00000146648','hsa05210'),('ENSG00000157764','hsa05210'),('ENSG00000164305','hsa05210'),('ENSG00000168036','hsa05210'),('ENSG00000169032','hsa05210'),('ENSG00000170345','hsa05210'),('ENSG00000171791','hsa05210'),('ENSG00000174775','hsa05210'),('ENSG00000177606','hsa05210'),('ENSG00000177885','hsa05210'),('ENSG00000198793','hsa05210'),('ENSG00000213281','hsa05210'),('ENSG00000002330','hsa05211'),('ENSG00000070831','hsa05211'),('ENSG00000078061','hsa05211'),('ENSG00000092969','hsa05211'),('ENSG00000100485','hsa05211'),('ENSG00000105329','hsa05211'),('ENSG00000115904','hsa05211'),('ENSG00000124762','hsa05211'),('ENSG00000126934','hsa05211'),('ENSG00000132155','hsa05211'),('ENSG00000133703','hsa05211'),('ENSG00000136238','hsa05211'),('ENSG00000157764','hsa05211'),('ENSG00000169032','hsa05211'),('ENSG00000174775','hsa05211'),('ENSG00000177606','hsa05211'),('ENSG00000177885','hsa05211'),('ENSG00000213281','hsa05211'),('ENSG00000002330','hsa05212'),('ENSG00000050748','hsa05212'),('ENSG00000070831','hsa05212'),('ENSG00000078061','hsa05212'),('ENSG00000087088','hsa05212'),('ENSG00000092969','hsa05212'),('ENSG00000104365','hsa05212'),('ENSG00000105329','hsa05212'),('ENSG00000107643','hsa05212'),('ENSG00000109320','hsa05212'),('ENSG00000109339','hsa05212'),('ENSG00000110092','hsa05212'),('ENSG00000124762','hsa05212'),('ENSG00000132155','hsa05212'),('ENSG00000132906','hsa05212'),('ENSG00000133703','hsa05212'),('ENSG00000135446','hsa05212'),('ENSG00000136238','hsa05212'),('ENSG00000138798','hsa05212'),('ENSG00000146648','hsa05212'),('ENSG00000157764','hsa05212'),('ENSG00000168610','hsa05212'),('ENSG00000169032','hsa05212'),('ENSG00000173039','hsa05212'),('ENSG00000198793','hsa05212'),('ENSG00000213341','hsa05212'),('ENSG00000269335','hsa05212'),('ENSG00000002330','hsa05213'),('ENSG00000078061','hsa05213'),('ENSG00000082701','hsa05213'),('ENSG00000087088','hsa05213'),('ENSG00000100485','hsa05213'),('ENSG00000110092','hsa05213'),('ENSG00000115904','hsa05213'),('ENSG00000124762','hsa05213'),('ENSG00000126934','hsa05213'),('ENSG00000132155','hsa05213'),('ENSG00000132906','hsa05213'),('ENSG00000133703','hsa05213'),('ENSG00000136997','hsa05213'),('ENSG00000138798','hsa05213'),('ENSG00000146648','hsa05213'),('ENSG00000157764','hsa05213'),('ENSG00000168036','hsa05213'),('ENSG00000169032','hsa05213'),('ENSG00000174775','hsa05213'),('ENSG00000177885','hsa05213'),('ENSG00000213281','hsa05213'),('ENSG00000017427','hsa05214'),('ENSG00000078061','hsa05214'),('ENSG00000087088','hsa05214'),('ENSG00000100485','hsa05214'),('ENSG00000110092','hsa05214'),('ENSG00000115904','hsa05214'),('ENSG00000124762','hsa05214'),('ENSG00000126934','hsa05214'),('ENSG00000132155','hsa05214'),('ENSG00000133703','hsa05214'),('ENSG00000135446','hsa05214'),('ENSG00000138798','hsa05214'),('ENSG00000140443','hsa05214'),('ENSG00000146648','hsa05214'),('ENSG00000148660','hsa05214'),('ENSG00000154229','hsa05214'),('ENSG00000157764','hsa05214'),('ENSG00000169032','hsa05214'),('ENSG00000169885','hsa05214'),('ENSG00000174775','hsa05214'),('ENSG00000177885','hsa05214'),('ENSG00000178363','hsa05214'),('ENSG00000197943','hsa05214'),('ENSG00000198668','hsa05214'),('ENSG00000198793','hsa05214'),('ENSG00000213281','hsa05214'),('ENSG00000002330','hsa05215'),('ENSG00000017427','hsa05215'),('ENSG00000060566','hsa05215'),('ENSG00000078061','hsa05215'),('ENSG00000082701','hsa05215'),('ENSG00000100485','hsa05215'),('ENSG00000100906','hsa05215'),('ENSG00000104365','hsa05215'),('ENSG00000107175','hsa05215'),('ENSG00000109320','hsa05215'),('ENSG00000110092','hsa05215'),('ENSG00000115904','hsa05215'),('ENSG00000118260','hsa05215'),('ENSG00000124762','hsa05215'),('ENSG00000126934','hsa05215'),('ENSG00000132155','hsa05215'),('ENSG00000132906','hsa05215'),('ENSG00000133703','hsa05215'),('ENSG00000138798','hsa05215'),('ENSG00000140443','hsa05215'),('ENSG00000146592','hsa05215'),('ENSG00000146648','hsa05215'),('ENSG00000157613','hsa05215'),('ENSG00000157764','hsa05215'),('ENSG00000168036','hsa05215'),('ENSG00000169032','hsa05215'),('ENSG00000171791','hsa05215'),('ENSG00000173039','hsa05215'),('ENSG00000174775','hsa05215'),('ENSG00000177885','hsa05215'),('ENSG00000182158','hsa05215'),('ENSG00000198793','hsa05215'),('ENSG00000213281','hsa05215'),('ENSG00000213341','hsa05215'),('ENSG00000254647','hsa05215'),('ENSG00000269335','hsa05215'),('ENSG00000087088','hsa05216'),('ENSG00000110092','hsa05216'),('ENSG00000124762','hsa05216'),('ENSG00000126934','hsa05216'),('ENSG00000133703','hsa05216'),('ENSG00000136997','hsa05216'),('ENSG00000157764','hsa05216'),('ENSG00000168036','hsa05216'),('ENSG00000169032','hsa05216'),('ENSG00000174775','hsa05216'),('ENSG00000213281','hsa05216'),('ENSG00000082701','hsa05217'),('ENSG00000087088','hsa05217'),('ENSG00000124762','hsa05217'),('ENSG00000168036','hsa05217'),('ENSG00000002330','hsa05218'),('ENSG00000017427','hsa05218'),('ENSG00000078061','hsa05218'),('ENSG00000087088','hsa05218'),('ENSG00000110092','hsa05218'),('ENSG00000124762','hsa05218'),('ENSG00000126934','hsa05218'),('ENSG00000132155','hsa05218'),('ENSG00000133703','hsa05218'),('ENSG00000135446','hsa05218'),('ENSG00000138798','hsa05218'),('ENSG00000140443','hsa05218'),('ENSG00000146648','hsa05218'),('ENSG00000157764','hsa05218'),('ENSG00000169032','hsa05218'),('ENSG00000174775','hsa05218'),('ENSG00000213281','hsa05218'),('ENSG00000078061','hsa05219'),('ENSG00000110092','hsa05219'),('ENSG00000124762','hsa05219'),('ENSG00000126934','hsa05219'),('ENSG00000132155','hsa05219'),('ENSG00000133703','hsa05219'),('ENSG00000135446','hsa05219'),('ENSG00000136997','hsa05219'),('ENSG00000138798','hsa05219'),('ENSG00000146648','hsa05219'),('ENSG00000157764','hsa05219'),('ENSG00000169032','hsa05219'),('ENSG00000169429','hsa05219'),('ENSG00000174775','hsa05219'),('ENSG00000197122','hsa05219'),('ENSG00000213281','hsa05219'),('ENSG00000002330','hsa05220'),('ENSG00000078061','hsa05220'),('ENSG00000087088','hsa05220'),('ENSG00000092969','hsa05220'),('ENSG00000100485','hsa05220'),('ENSG00000100906','hsa05220'),('ENSG00000104365','hsa05220'),('ENSG00000105329','hsa05220'),('ENSG00000109320','hsa05220'),('ENSG00000110092','hsa05220'),('ENSG00000115904','hsa05220'),('ENSG00000124762','hsa05220'),('ENSG00000126934','hsa05220'),('ENSG00000132155','hsa05220'),('ENSG00000133703','hsa05220'),('ENSG00000135446','hsa05220'),('ENSG00000136997','hsa05220'),('ENSG00000157764','hsa05220'),('ENSG00000169032','hsa05220'),('ENSG00000173039','hsa05220'),('ENSG00000174775','hsa05220'),('ENSG00000177885','hsa05220'),('ENSG00000213281','hsa05220'),('ENSG00000213341','hsa05220'),('ENSG00000269335','hsa05220'),('ENSG00000002330','hsa05221'),('ENSG00000078061','hsa05221'),('ENSG00000100485','hsa05221'),('ENSG00000104365','hsa05221'),('ENSG00000109320','hsa05221'),('ENSG00000110092','hsa05221'),('ENSG00000115904','hsa05221'),('ENSG00000126934','hsa05221'),('ENSG00000132155','hsa05221'),('ENSG00000133703','hsa05221'),('ENSG00000136997','hsa05221'),('ENSG00000157764','hsa05221'),('ENSG00000168610','hsa05221'),('ENSG00000169032','hsa05221'),('ENSG00000173039','hsa05221'),('ENSG00000174775','hsa05221'),('ENSG00000177885','hsa05221'),('ENSG00000198793','hsa05221'),('ENSG00000213281','hsa05221'),('ENSG00000213341','hsa05221'),('ENSG00000269335','hsa05221'),('ENSG00000087088','hsa05222'),('ENSG00000100906','hsa05222'),('ENSG00000104365','hsa05222'),('ENSG00000109320','hsa05222'),('ENSG00000110092','hsa05222'),('ENSG00000124762','hsa05222'),('ENSG00000132906','hsa05222'),('ENSG00000135446','hsa05222'),('ENSG00000136997','hsa05222'),('ENSG00000164305','hsa05222'),('ENSG00000171791','hsa05222'),('ENSG00000173039','hsa05222'),('ENSG00000213341','hsa05222'),('ENSG00000269335','hsa05222'),('ENSG00000002330','hsa05223'),('ENSG00000078061','hsa05223'),('ENSG00000087088','hsa05223'),('ENSG00000100485','hsa05223'),('ENSG00000110092','hsa05223'),('ENSG00000115904','hsa05223'),('ENSG00000124762','hsa05223'),('ENSG00000126934','hsa05223'),('ENSG00000132155','hsa05223'),('ENSG00000132906','hsa05223'),('ENSG00000133703','hsa05223'),('ENSG00000135446','hsa05223'),('ENSG00000138798','hsa05223'),('ENSG00000146648','hsa05223'),('ENSG00000154229','hsa05223'),('ENSG00000157764','hsa05223'),('ENSG00000168610','hsa05223'),('ENSG00000169032','hsa05223'),('ENSG00000174775','hsa05223'),('ENSG00000177885','hsa05223'),('ENSG00000197943','hsa05223'),('ENSG00000213281','hsa05223'),('ENSG00000017427','hsa05224'),('ENSG00000078061','hsa05224'),('ENSG00000082701','hsa05224'),('ENSG00000087088','hsa05224'),('ENSG00000100485','hsa05224'),('ENSG00000110092','hsa05224'),('ENSG00000115904','hsa05224'),('ENSG00000124762','hsa05224'),('ENSG00000126934','hsa05224'),('ENSG00000132155','hsa05224'),('ENSG00000133703','hsa05224'),('ENSG00000135446','hsa05224'),('ENSG00000136997','hsa05224'),('ENSG00000138798','hsa05224'),('ENSG00000140443','hsa05224'),('ENSG00000146648','hsa05224'),('ENSG00000157764','hsa05224'),('ENSG00000168036','hsa05224'),('ENSG00000169032','hsa05224'),('ENSG00000170345','hsa05224'),('ENSG00000174775','hsa05224'),('ENSG00000177606','hsa05224'),('ENSG00000177885','hsa05224'),('ENSG00000198793','hsa05224'),('ENSG00000213281','hsa05224'),('ENSG00000002330','hsa05225'),('ENSG00000075624','hsa05225'),('ENSG00000078061','hsa05225'),('ENSG00000082701','hsa05225'),('ENSG00000087088','hsa05225'),('ENSG00000092969','hsa05225'),('ENSG00000100485','hsa05225'),('ENSG00000105329','hsa05225'),('ENSG00000110092','hsa05225'),('ENSG00000115904','hsa05225'),('ENSG00000124762','hsa05225'),('ENSG00000126934','hsa05225'),('ENSG00000132155','hsa05225'),('ENSG00000133703','hsa05225'),('ENSG00000135446','hsa05225'),('ENSG00000136997','hsa05225'),('ENSG00000140443','hsa05225'),('ENSG00000146648','hsa05225'),('ENSG00000154229','hsa05225'),('ENSG00000157764','hsa05225'),('ENSG00000168036','hsa05225'),('ENSG00000169032','hsa05225'),('ENSG00000174775','hsa05225'),('ENSG00000177885','hsa05225'),('ENSG00000184009','hsa05225'),('ENSG00000197943','hsa05225'),('ENSG00000198793','hsa05225'),('ENSG00000213281','hsa05225'),('ENSG00000078061','hsa05226'),('ENSG00000082701','hsa05226'),('ENSG00000087088','hsa05226'),('ENSG00000092969','hsa05226'),('ENSG00000100485','hsa05226'),('ENSG00000105329','hsa05226'),('ENSG00000110092','hsa05226'),('ENSG00000115904','hsa05226'),('ENSG00000124762','hsa05226'),('ENSG00000126934','hsa05226'),('ENSG00000132155','hsa05226'),('ENSG00000133703','hsa05226'),('ENSG00000136997','hsa05226'),('ENSG00000138798','hsa05226'),('ENSG00000146648','hsa05226'),('ENSG00000157764','hsa05226'),('ENSG00000168036','hsa05226'),('ENSG00000169032','hsa05226'),('ENSG00000171791','hsa05226'),('ENSG00000174775','hsa05226'),('ENSG00000177885','hsa05226'),('ENSG00000198793','hsa05226'),('ENSG00000213281','hsa05226'),('ENSG00000126934','hsa05230'),('ENSG00000132155','hsa05230'),('ENSG00000133703','hsa05230'),('ENSG00000136997','hsa05230'),('ENSG00000146648','hsa05230'),('ENSG00000169032','hsa05230'),('ENSG00000174775','hsa05230'),('ENSG00000198793','hsa05230'),('ENSG00000213281','hsa05230'),('ENSG00000050748','hsa05231'),('ENSG00000100485','hsa05231'),('ENSG00000107643','hsa05231'),('ENSG00000109339','hsa05231'),('ENSG00000115904','hsa05231'),('ENSG00000126934','hsa05231'),('ENSG00000132155','hsa05231'),('ENSG00000133703','hsa05231'),('ENSG00000136238','hsa05231'),('ENSG00000138798','hsa05231'),('ENSG00000146648','hsa05231'),('ENSG00000154229','hsa05231'),('ENSG00000169032','hsa05231'),('ENSG00000170345','hsa05231'),('ENSG00000174775','hsa05231'),('ENSG00000177606','hsa05231'),('ENSG00000177885','hsa05231'),('ENSG00000198793','hsa05231'),('ENSG00000213281','hsa05231'),('ENSG00000026103','hsa05320'),('ENSG00000092969','hsa05321'),('ENSG00000105329','hsa05321'),('ENSG00000109320','hsa05321'),('ENSG00000111537','hsa05321'),('ENSG00000125538','hsa05321'),('ENSG00000136244','hsa05321'),('ENSG00000168610','hsa05321'),('ENSG00000173039','hsa05321'),('ENSG00000177606','hsa05321'),('ENSG00000111537','hsa05322'),('ENSG00000092969','hsa05323'),('ENSG00000105329','hsa05323'),('ENSG00000111537','hsa05323'),('ENSG00000125538','hsa05323'),('ENSG00000136244','hsa05323'),('ENSG00000169429','hsa05323'),('ENSG00000170345','hsa05323'),('ENSG00000177606','hsa05323'),('ENSG00000026103','hsa05330'),('ENSG00000111537','hsa05330'),('ENSG00000026103','hsa05332'),('ENSG00000111537','hsa05332'),('ENSG00000125538','hsa05332'),('ENSG00000136244','hsa05332'),('ENSG00000269335','hsa05340'),('ENSG00000017427','hsa05410'),('ENSG00000075624','hsa05410'),('ENSG00000092969','hsa05410'),('ENSG00000105329','hsa05410'),('ENSG00000136244','hsa05410'),('ENSG00000151067','hsa05410'),('ENSG00000157388','hsa05410'),('ENSG00000184009','hsa05410'),('ENSG00000075624','hsa05412'),('ENSG00000151067','hsa05412'),('ENSG00000157388','hsa05412'),('ENSG00000168036','hsa05412'),('ENSG00000184009','hsa05412'),('ENSG00000017427','hsa05414'),('ENSG00000072062','hsa05414'),('ENSG00000075624','hsa05414'),('ENSG00000087460','hsa05414'),('ENSG00000092969','hsa05414'),('ENSG00000105329','hsa05414'),('ENSG00000129467','hsa05414'),('ENSG00000142875','hsa05414'),('ENSG00000151067','hsa05414'),('ENSG00000157388','hsa05414'),('ENSG00000162104','hsa05414'),('ENSG00000164742','hsa05414'),('ENSG00000165059','hsa05414'),('ENSG00000173175','hsa05414'),('ENSG00000174233','hsa05414'),('ENSG00000184009','hsa05414'),('ENSG00000064012','hsa05416'),('ENSG00000075624','hsa05416'),('ENSG00000110092','hsa05416'),('ENSG00000132906','hsa05416'),('ENSG00000136238','hsa05416'),('ENSG00000164305','hsa05416'),('ENSG00000184009','hsa05416'),('ENSG00000050748','hsa05418'),('ENSG00000067560','hsa05418'),('ENSG00000075624','hsa05418'),('ENSG00000104365','hsa05418'),('ENSG00000107643','hsa05418'),('ENSG00000109320','hsa05418'),('ENSG00000109339','hsa05418'),('ENSG00000111537','hsa05418'),('ENSG00000125538','hsa05418'),('ENSG00000136238','hsa05418'),('ENSG00000168036','hsa05418'),('ENSG00000169885','hsa05418'),('ENSG00000170345','hsa05418'),('ENSG00000171791','hsa05418'),('ENSG00000173039','hsa05418'),('ENSG00000177606','hsa05418'),('ENSG00000178363','hsa05418'),('ENSG00000184009','hsa05418'),('ENSG00000197122','hsa05418'),('ENSG00000198668','hsa05418'),('ENSG00000213341','hsa05418'),('ENSG00000269335','hsa05418');
/*!40000 ALTER TABLE `b3b2_gen_pathway` ENABLE KEYS */;
UNLOCK TABLES;

--
-- Table structure for table `b3b2_muestra`
--

DROP TABLE IF EXISTS `b3b2_muestra`;
/*!40101 SET @saved_cs_client     = @@character_set_client */;
/*!50503 SET character_set_client = utf8mb4 */;
CREATE TABLE `b3b2_muestra` (
  `codigo` varchar(255) NOT NULL,
  `especie` varchar(255) NOT NULL,
  PRIMARY KEY (`codigo`),
  KEY `fk_b3b2_muestra_especie_idx` (`especie`),
  CONSTRAINT `fk_b3b2_muestra_especie` FOREIGN KEY (`especie`) REFERENCES `b3b2_especie` (`taxid`)
) ENGINE=InnoDB DEFAULT CHARSET=utf8mb4 COLLATE=utf8mb4_0900_ai_ci;
/*!40101 SET character_set_client = @saved_cs_client */;

--
-- Dumping data for table `b3b2_muestra`
--

LOCK TABLES `b3b2_muestra` WRITE;
/*!40000 ALTER TABLE `b3b2_muestra` DISABLE KEYS */;
INSERT INTO `b3b2_muestra` VALUES ('S1','9606'),('S10','9606'),('S11','9606'),('S12','9606'),('S13','9606'),('S14','9606'),('S15','9606'),('S16','9606'),('S17','9606'),('S18','9606'),('S19','9606'),('S2','9606'),('S20','9606'),('S21','9606'),('S22','9606'),('S23','9606'),('S24','9606'),('S25','9606'),('S26','9606'),('S27','9606'),('S28','9606'),('S29','9606'),('S3','9606'),('S30','9606'),('S4','9606'),('S5','9606'),('S6','9606'),('S7','9606'),('S8','9606'),('S9','9606');
/*!40000 ALTER TABLE `b3b2_muestra` ENABLE KEYS */;
UNLOCK TABLES;

--
-- Table structure for table `b3b2_muestra_propiedad`
--

DROP TABLE IF EXISTS `b3b2_muestra_propiedad`;
/*!40101 SET @saved_cs_client     = @@character_set_client */;
/*!50503 SET character_set_client = utf8mb4 */;
CREATE TABLE `b3b2_muestra_propiedad` (
  `muestra` varchar(255) NOT NULL,
  `propiedad` int NOT NULL,
  PRIMARY KEY (`muestra`,`propiedad`),
  KEY `fk_b3b2_muestra_propiedad_2_idx` (`propiedad`),
  CONSTRAINT `fk_b3b2_muestra_propiedad` FOREIGN KEY (`muestra`) REFERENCES `b3b2_muestra` (`codigo`),
  CONSTRAINT `fk_b3b2_muestra_propiedad_2` FOREIGN KEY (`propiedad`) REFERENCES `b3b2_propiedad` (`id`)
) ENGINE=InnoDB DEFAULT CHARSET=utf8mb4 COLLATE=utf8mb4_0900_ai_ci;
/*!40101 SET character_set_client = @saved_cs_client */;

--
-- Dumping data for table `b3b2_muestra_propiedad`
--

LOCK TABLES `b3b2_muestra_propiedad` WRITE;
/*!40000 ALTER TABLE `b3b2_muestra_propiedad` DISABLE KEYS */;
INSERT INTO `b3b2_muestra_propiedad` VALUES ('S1',1),('S11',1),('S13',1),('S15',1),('S17',1),('S19',1),('S21',1),('S23',1),('S25',1),('S27',1),('S29',1),('S3',1),('S5',1),('S7',1),('S9',1),('S10',2),('S12',2),('S14',2),('S16',2),('S18',2),('S2',2),('S22',2),('S24',2),('S26',2),('S28',2),('S30',2),('S4',2),('S6',2),('S8',2),('S1',3),('S13',3),('S17',3),('S25',3),('S29',3),('S5',3),('S9',3),('S10',4),('S14',4),('S18',4),('S2',4),('S22',4),('S26',4),('S30',4),('S11',5),('S15',5),('S19',5),('S23',5),('S27',5),('S3',5),('S7',5),('S12',6),('S16',6),('S20',6),('S24',6),('S28',6),('S4',6),('S8',6);
/*!40000 ALTER TABLE `b3b2_muestra_propiedad` ENABLE KEYS */;
UNLOCK TABLES;

--
-- Table structure for table `b3b2_pathway`
--

DROP TABLE IF EXISTS `b3b2_pathway`;
/*!40101 SET @saved_cs_client     = @@character_set_client */;
/*!50503 SET character_set_client = utf8mb4 */;
CREATE TABLE `b3b2_pathway` (
  `codigo` varchar(255) NOT NULL,
  `descripcion` varchar(255) NOT NULL,
  `especie` varchar(255) NOT NULL,
  PRIMARY KEY (`codigo`),
  KEY `fk_b3b2_pathway_1_idx` (`especie`),
  CONSTRAINT `fk_b3b2_pathway_1` FOREIGN KEY (`especie`) REFERENCES `b3b2_especie` (`taxid`)
) ENGINE=InnoDB DEFAULT CHARSET=utf8mb4 COLLATE=utf8mb4_0900_ai_ci;
/*!40101 SET character_set_client = @saved_cs_client */;

--
-- Dumping data for table `b3b2_pathway`
--

LOCK TABLES `b3b2_pathway` WRITE;
/*!40000 ALTER TABLE `b3b2_pathway` DISABLE KEYS */;
INSERT INTO `b3b2_pathway` VALUES ('hsa00230','Purine metabolism','9606'),('hsa00562','Inositol phosphate metabolism','9606'),('hsa01100','Metabolic pathways','9606'),('hsa01521','EGFR tyrosine kinase inhibitor resistance','9606'),('hsa01522','Endocrine resistance','9606'),('hsa01523','Antifolate resistance','9606'),('hsa01524','Platinum drug resistance','9606'),('hsa03050','Proteasome','9606'),('hsa04010','MAPK signaling pathway','9606'),('hsa04012','ErbB signaling pathway','9606'),('hsa04014','Ras signaling pathway','9606'),('hsa04015','Rap1 signaling pathway','9606'),('hsa04020','Calcium signaling pathway','9606'),('hsa04022','cGMP-PKG signaling pathway','9606'),('hsa04024','cAMP signaling pathway','9606'),('hsa04060','Cytokine-cytokine receptor interaction','9606'),('hsa04062','Chemokine signaling pathway','9606'),('hsa04064','NF-kappa B signaling pathway','9606'),('hsa04066','HIF-1 signaling pathway','9606'),('hsa04068','FoxO signaling pathway','9606'),('hsa04070','Phosphatidylinositol signaling system','9606'),('hsa04071','Sphingolipid signaling pathway','9606'),('hsa04072','Phospholipase D signaling pathway','9606'),('hsa04110','Cell cycle','9606'),('hsa04114','Oocyte meiosis','9606'),('hsa04115','p53 signaling pathway','9606'),('hsa04136','Autophagy - other','9606'),('hsa04137','Mitophagy - animal','9606'),('hsa04140','Autophagy - animal','9606'),('hsa04141','Protein processing in endoplasmic reticulum','9606'),('hsa04144','Endocytosis','9606'),('hsa04145','Phagosome','9606'),('hsa04150','mTOR signaling pathway','9606'),('hsa04151','PI3K-Akt signaling pathway','9606'),('hsa04152','AMPK signaling pathway','9606'),('hsa04210','Apoptosis','9606'),('hsa04211','Longevity regulating pathway','9606'),('hsa04213','Longevity regulating pathway - multiple species','9606'),('hsa04215','Apoptosis - multiple species','9606'),('hsa04216','Ferroptosis','9606'),('hsa04217','Necroptosis','9606'),('hsa04218','Cellular senescence','9606'),('hsa04260','Cardiac muscle contraction','9606'),('hsa04261','Adrenergic signaling in cardiomyocytes','9606'),('hsa04270','Vascular smooth muscle contraction','9606'),('hsa04310','Wnt signaling pathway','9606'),('hsa04340','Hedgehog signaling pathway','9606'),('hsa04350','TGF-beta signaling pathway','9606'),('hsa04360','Axon guidance','9606'),('hsa04370','VEGF signaling pathway','9606'),('hsa04371','Apelin signaling pathway','9606'),('hsa04380','Osteoclast differentiation','9606'),('hsa04390','Hippo signaling pathway','9606'),('hsa04510','Focal adhesion','9606'),('hsa04520','Adherens junction','9606'),('hsa04530','Tight junction','9606'),('hsa04540','Gap junction','9606'),('hsa04550','Signaling pathways regulating pluripotency of stem cells','9606'),('hsa04611','Platelet activation','9606'),('hsa04612','Antigen processing and presentation','9606'),('hsa04620','Toll-like receptor signaling pathway','9606'),('hsa04621','NOD-like receptor signaling pathway','9606'),('hsa04622','RIG-I-like receptor signaling pathway','9606'),('hsa04623','Cytosolic DNA-sensing pathway','9606'),('hsa04625','C-type lectin receptor signaling pathway','9606'),('hsa04630','JAK-STAT signaling pathway','9606'),('hsa04640','Hematopoietic cell lineage','9606'),('hsa04650','Natural killer cell mediated cytotoxicity','9606'),('hsa04657','IL-17 signaling pathway','9606'),('hsa04658','Th1 and Th2 cell differentiation','9606'),('hsa04659','Th17 cell differentiation','9606'),('hsa04660','T cell receptor signaling pathway','9606'),('hsa04662','B cell receptor signaling pathway','9606'),('hsa04664','Fc epsilon RI signaling pathway','9606'),('hsa04666','Fc gamma R-mediated phagocytosis','9606'),('hsa04668','TNF signaling pathway','9606'),('hsa04670','Leukocyte transendothelial migration','9606'),('hsa04672','Intestinal immune network for IgA production','9606'),('hsa04710','Circadian rhythm','9606'),('hsa04713','Circadian entrainment','9606'),('hsa04714','Thermogenesis','9606'),('hsa04720','Long-term potentiation','9606'),('hsa04722','Neurotrophin signaling pathway','9606'),('hsa04723','Retrograde endocannabinoid signaling','9606'),('hsa04724','Glutamatergic synapse','9606'),('hsa04725','Cholinergic synapse','9606'),('hsa04726','Serotonergic synapse','9606'),('hsa04727','GABAergic synapse','9606'),('hsa04728','Dopaminergic synapse','9606'),('hsa04730','Long-term depression','9606'),('hsa04740','Olfactory transduction','9606'),('hsa04742','Taste transduction','9606'),('hsa04744','Phototransduction','9606'),('hsa04750','Inflammatory mediator regulation of TRP channels','9606'),('hsa04810','Regulation of actin cytoskeleton','9606'),('hsa04910','Insulin signaling pathway','9606'),('hsa04911','Insulin secretion','9606'),('hsa04912','GnRH signaling pathway','9606'),('hsa04913','Ovarian steroidogenesis','9606'),('hsa04914','Progesterone-mediated oocyte maturation','9606'),('hsa04915','Estrogen signaling pathway','9606'),('hsa04916','Melanogenesis','9606'),('hsa04917','Prolactin signaling pathway','9606'),('hsa04918','Thyroid hormone synthesis','9606'),('hsa04919','Thyroid hormone signaling pathway','9606'),('hsa04920','Adipocytokine signaling pathway','9606'),('hsa04921','Oxytocin signaling pathway','9606'),('hsa04922','Glucagon signaling pathway','9606'),('hsa04923','Regulation of lipolysis in adipocytes','9606'),('hsa04924','Renin secretion','9606'),('hsa04925','Aldosterone synthesis and secretion','9606'),('hsa04926','Relaxin signaling pathway','9606'),('hsa04927','Cortisol synthesis and secretion','9606'),('hsa04928','Parathyroid hormone synthesis, secretion and action','9606'),('hsa04930','Type II diabetes mellitus','9606'),('hsa04931','Insulin resistance','9606'),('hsa04932','Non-alcoholic fatty liver disease (NAFLD)','9606'),('hsa04933','AGE-RAGE signaling pathway in diabetic complications','9606'),('hsa04934','Cushing syndrome','9606'),('hsa04940','Type I diabetes mellitus','9606'),('hsa04950','Maturity onset diabetes of the young','9606'),('hsa04960','Aldosterone-regulated sodium reabsorption','9606'),('hsa04961','Endocrine and other factor-regulated calcium reabsorption','9606'),('hsa04962','Vasopressin-regulated water reabsorption','9606'),('hsa04970','Salivary secretion','9606'),('hsa04971','Gastric acid secretion','9606'),('hsa04972','Pancreatic secretion','9606'),('hsa04973','Carbohydrate digestion and absorption','9606'),('hsa04976','Bile secretion','9606'),('hsa05010','Alzheimer disease','9606'),('hsa05012','Parkinson disease','9606'),('hsa05014','Amyotrophic lateral sclerosis (ALS)','9606'),('hsa05016','Huntington disease','9606'),('hsa05020','Prion diseases','9606'),('hsa05030','Cocaine addiction','9606'),('hsa05031','Amphetamine addiction','9606'),('hsa05032','Morphine addiction','9606'),('hsa05034','Alcoholism','9606'),('hsa05100','Bacterial invasion of epithelial cells','9606'),('hsa05110','Vibrio cholerae infection','9606'),('hsa05120','Epithelial cell signaling in Helicobacter pylori infection','9606'),('hsa05130','Pathogenic Escherichia coli infection','9606'),('hsa05131','Shigellosis','9606'),('hsa05132','Salmonella infection','9606'),('hsa05133','Pertussis','9606'),('hsa05134','Legionellosis','9606'),('hsa05140','Leishmaniasis','9606'),('hsa05142','Chagas disease (American trypanosomiasis)','9606'),('hsa05143','African trypanosomiasis','9606'),('hsa05144','Malaria','9606'),('hsa05145','Toxoplasmosis','9606'),('hsa05146','Amoebiasis','9606'),('hsa05152','Tuberculosis','9606'),('hsa05160','Hepatitis C','9606'),('hsa05161','Hepatitis B','9606'),('hsa05162','Measles','9606'),('hsa05163','Human cytomegalovirus infection','9606'),('hsa05164','Influenza A','9606'),('hsa05165','Human papillomavirus infection','9606'),('hsa05166','Human T-cell leukemia virus 1 infection','9606'),('hsa05167','Kaposi sarcoma-associated herpesvirus infection','9606'),('hsa05168','Herpes simplex infection','9606'),('hsa05169','Epstein-Barr virus infection','9606'),('hsa05170','Human immunodeficiency virus 1 infection','9606'),('hsa05200','Pathways in cancer','9606'),('hsa05202','Transcriptional misregulation in cancer','9606'),('hsa05203','Viral carcinogenesis','9606'),('hsa05205','Proteoglycans in cancer','9606'),('hsa05206','MicroRNAs in cancer','9606'),('hsa05210','Colorectal cancer','9606'),('hsa05211','Renal cell carcinoma','9606'),('hsa05212','Pancreatic cancer','9606'),('hsa05213','Endometrial cancer','9606'),('hsa05214','Glioma','9606'),('hsa05215','Prostate cancer','9606'),('hsa05216','Thyroid cancer','9606'),('hsa05217','Basal cell carcinoma','9606'),('hsa05218','Melanoma','9606'),('hsa05219','Bladder cancer','9606'),('hsa05220','Chronic myeloid leukemia','9606'),('hsa05221','Acute myeloid leukemia','9606'),('hsa05222','Small cell lung cancer','9606'),('hsa05223','Non-small cell lung cancer','9606'),('hsa05224','Breast cancer','9606'),('hsa05225','Hepatocellular carcinoma','9606'),('hsa05226','Gastric cancer','9606'),('hsa05230','Central carbon metabolism in cancer','9606'),('hsa05231','Choline metabolism in cancer','9606'),('hsa05320','Autoimmune thyroid disease','9606'),('hsa05321','Inflammatory bowel disease (IBD)','9606'),('hsa05322','Systemic lupus erythematosus','9606'),('hsa05323','Rheumatoid arthritis','9606'),('hsa05330','Allograft rejection','9606'),('hsa05332','Graft-versus-host disease','9606'),('hsa05340','Primary immunodeficiency','9606'),('hsa05410','Hypertrophic cardiomyopathy (HCM)','9606'),('hsa05412','Arrhythmogenic right ventricular cardiomyopathy (ARVC)','9606'),('hsa05414','Dilated cardiomyopathy (DCM)','9606'),('hsa05416','Viral myocarditis','9606'),('hsa05418','Fluid shear stress and atherosclerosis','9606');
/*!40000 ALTER TABLE `b3b2_pathway` ENABLE KEYS */;
UNLOCK TABLES;

--
-- Table structure for table `b3b2_propiedad`
--

DROP TABLE IF EXISTS `b3b2_propiedad`;
/*!40101 SET @saved_cs_client     = @@character_set_client */;
/*!50503 SET character_set_client = utf8mb4 */;
CREATE TABLE `b3b2_propiedad` (
  `id` int NOT NULL AUTO_INCREMENT,
  `nombre` varchar(255) NOT NULL,
  `tipo` varchar(255) NOT NULL,
  PRIMARY KEY (`id`)
) ENGINE=InnoDB AUTO_INCREMENT=7 DEFAULT CHARSET=utf8mb4 COLLATE=utf8mb4_0900_ai_ci;
/*!40101 SET character_set_client = @saved_cs_client */;

--
-- Dumping data for table `b3b2_propiedad`
--

LOCK TABLES `b3b2_propiedad` WRITE;
/*!40000 ALTER TABLE `b3b2_propiedad` DISABLE KEYS */;
INSERT INTO `b3b2_propiedad` VALUES (1,'Mujer','sexo'),(2,'Hombre','sexo'),(3,'<18','rango de edad'),(4,'18-45','rango de edad'),(5,'45-70','rango de edad'),(6,'>70','rango de edad');
/*!40000 ALTER TABLE `b3b2_propiedad` ENABLE KEYS */;
UNLOCK TABLES;

--
-- Table structure for table `beb2_muestra_run`
--

DROP TABLE IF EXISTS `beb2_muestra_run`;
/*!40101 SET @saved_cs_client     = @@character_set_client */;
/*!50503 SET character_set_client = utf8mb4 */;
CREATE TABLE `beb2_muestra_run` (
  `muestra` varchar(255) NOT NULL,
  `run` varchar(255) NOT NULL,
  PRIMARY KEY (`muestra`,`run`),
  KEY `fk_beb2_muestra_run_2_idx` (`run`),
  CONSTRAINT `fk_beb2_muestra_run_1` FOREIGN KEY (`muestra`) REFERENCES `b3b2_muestra` (`codigo`),
  CONSTRAINT `fk_beb2_muestra_run_2` FOREIGN KEY (`run`) REFERENCES `beb2_run` (`nombre`)
) ENGINE=InnoDB DEFAULT CHARSET=utf8mb4 COLLATE=utf8mb4_0900_ai_ci;
/*!40101 SET character_set_client = @saved_cs_client */;

--
-- Dumping data for table `beb2_muestra_run`
--

LOCK TABLES `beb2_muestra_run` WRITE;
/*!40000 ALTER TABLE `beb2_muestra_run` DISABLE KEYS */;
/*!40000 ALTER TABLE `beb2_muestra_run` ENABLE KEYS */;
UNLOCK TABLES;

--
-- Table structure for table `beb2_run`
--

DROP TABLE IF EXISTS `beb2_run`;
/*!40101 SET @saved_cs_client     = @@character_set_client */;
/*!50503 SET character_set_client = utf8mb4 */;
CREATE TABLE `beb2_run` (
  `nombre` varchar(255) NOT NULL,
  PRIMARY KEY (`nombre`)
) ENGINE=InnoDB DEFAULT CHARSET=utf8mb4 COLLATE=utf8mb4_0900_ai_ci;
/*!40101 SET character_set_client = @saved_cs_client */;

--
-- Dumping data for table `beb2_run`
--

LOCK TABLES `beb2_run` WRITE;
/*!40000 ALTER TABLE `beb2_run` DISABLE KEYS */;
/*!40000 ALTER TABLE `beb2_run` ENABLE KEYS */;
UNLOCK TABLES;
/*!50112 SET @disable_bulk_load = IF (@is_rocksdb_supported, 'SET SESSION rocksdb_bulk_load = @old_rocksdb_bulk_load', 'SET @dummy_rocksdb_bulk_load = 0') */;
/*!50112 PREPARE s FROM @disable_bulk_load */;
/*!50112 EXECUTE s */;
/*!50112 DEALLOCATE PREPARE s */;
/*!40103 SET TIME_ZONE=@OLD_TIME_ZONE */;

/*!40101 SET SQL_MODE=@OLD_SQL_MODE */;
/*!40014 SET FOREIGN_KEY_CHECKS=@OLD_FOREIGN_KEY_CHECKS */;
/*!40014 SET UNIQUE_CHECKS=@OLD_UNIQUE_CHECKS */;
/*!40101 SET CHARACTER_SET_CLIENT=@OLD_CHARACTER_SET_CLIENT */;
/*!40101 SET CHARACTER_SET_RESULTS=@OLD_CHARACTER_SET_RESULTS */;
/*!40101 SET COLLATION_CONNECTION=@OLD_COLLATION_CONNECTION */;
/*!40111 SET SQL_NOTES=@OLD_SQL_NOTES */;

-- Dump completed on 2023-12-20 18:21:24
